record_type,tolerance_days,year,year_role,matching_tolerance_days,port_baseline_calendar_days,port_baseline_valid_days,port_baseline_missing_days,port_baseline_zero_days,port_baseline_mean_calls_per_day,port_acute_calendar_days,port_acute_valid_days,port_acute_missing_days,port_acute_zero_days,port_acute_mean_calls_per_day,port_change_calls_per_day,port_percent_change,port_percent_status,sar_baseline_eligible_dates,sar_baseline_relative_orbits,sar_baseline_median_labels_per_100_km2,sar_acute_eligible_dates,sar_acute_relative_orbits,sar_acute_median_labels_per_100_km2,sar_change_labels_per_100_km2,sar_percent_change,port_ci95_lower,port_ci95_median,port_ci95_upper,sar_ci95_lower,sar_ci95_median,sar_ci95_upper,omitted_member,event_port_percent_change,event_sar_percent_change,historical_port_min_percent_change,historical_port_min_years,historical_sar_max_percent_change,historical_sar_max_years,basic_port_down_sar_up,joint_dominance,assessment_status,contrast_id,q025,q500,q975,effective_replicates,bootstrap_seed,post_screen_focal_case
year_point,7,2022.0,historical_year,7.0,59.0,59.0,0.0,11.0,1.77966101695,28.0,28.0,0.0,6.0,1.25,-0.529661016949,-29.7619047619,ASSESSABLE,13.0,3.0,12.0351126487,3.0,2.0,11.8869315075,-0.148181141154,-1.23124016766,,,,,,,,,,,,,,,,,,,,,,,True
year_point,7,2023.0,historical_year,7.0,59.0,59.0,0.0,18.0,1.25423728814,28.0,28.0,0.0,6.0,1.25,-0.00423728813559,-0.337837837838,ASSESSABLE,13.0,3.0,14.7561908369,6.0,3.0,16.6007146915,1.84452385461,12.5,,,,,,,,,,,,,,,,,,,,,,,True
year_point,7,2024.0,historical_year,7.0,59.0,59.0,0.0,19.0,1.13559322034,28.0,28.0,0.0,9.0,1.03571428571,-0.0998789346247,-8.79530916844,ASSESSABLE,13.0,3.0,17.6254501663,6.0,3.0,20.8321115352,3.20666136893,18.1933586868,,,,,,,,,,,,,,,,,,,,,,,True
year_point,7,2025.0,historical_year,7.0,59.0,59.0,0.0,23.0,1.05084745763,28.0,28.0,0.0,10.0,1.10714285714,0.0562953995157,5.35714285714,ASSESSABLE,13.0,3.0,20.328129194,5.0,3.0,19.2650269259,-1.06310226802,-5.2297103087,,,,,,,,,,,,,,,,,,,,,,,True
year_point,7,2026.0,event_year,7.0,59.0,59.0,0.0,27.0,0.830508474576,28.0,28.0,0.0,21.0,0.392857142857,-0.437651331719,-52.6967930029,ASSESSABLE,14.0,3.0,19.6749211159,5.0,3.0,27.8113312496,8.1364101337,41.3542198506,,,,,,,,,,,,,,,,,,,,,,,True
year_point,8,2022.0,historical_year,8.0,59.0,59.0,0.0,11.0,1.77966101695,28.0,28.0,0.0,6.0,1.25,-0.529661016949,-29.7619047619,ASSESSABLE,14.0,3.0,12.2404814144,6.0,3.0,12.2968256974,0.0563442830001,0.460311004874,-50.9544334975,-29.7619047619,-2.56879092894,-11.5942028986,0.460311004874,16.9902195282,,,,,,,,,,,,,,,,,True
year_point,8,2023.0,historical_year,8.0,59.0,59.0,0.0,18.0,1.25423728814,28.0,28.0,0.0,6.0,1.25,-0.00423728813559,-0.337837837838,ASSESSABLE,13.0,3.0,14.7561908369,6.0,3.0,16.6007146915,1.84452385461,12.5,-31.3953488372,-0.337837837838,41.6291235969,-2.32558139535,12.5,28.7476484824,,,,,,,,,,,,,,,,,True
year_point,8,2024.0,historical_year,8.0,59.0,59.0,0.0,19.0,1.13559322034,28.0,28.0,0.0,9.0,1.03571428571,-0.0998789346247,-8.79530916844,ASSESSABLE,13.0,3.0,17.6254501663,6.0,3.0,20.8321115352,3.20666136893,18.1933586868,-41.9833825887,-9.10364145658,34.9934983575,-2.32558139535,15.9090909091,28.0487804878,,,,,,,,,,,,,,,,,True
year_point,8,2025.0,historical_year,8.0,59.0,59.0,0.0,23.0,1.05084745763,28.0,28.0,0.0,10.0,1.10714285714,0.0562953995157,5.35714285714,ASSESSABLE,13.0,3.0,20.328129194,6.0,3.0,19.6749211159,-0.65320807811,-3.21332116634,-36.4523926009,5.35714285714,66.1454417293,-8.9612265333,-3.21332116634,2.08333333333,,,,,,,,,,,,,,,,,True
year_point,8,2026.0,event_year,8.0,59.0,59.0,0.0,27.0,0.830508474576,28.0,28.0,0.0,21.0,0.392857142857,-0.437651331719,-52.6967930029,ASSESSABLE,14.0,3.0,19.6749211159,5.0,3.0,27.8113312496,8.1364101337,41.3542198506,-82.4476727166,-53.6942508711,-9.10364145658,35.7000510566,41.3542198506,46.5326334086,,,,,,,,,,,,,,,,,True
year_point,12,2022.0,historical_year,12.0,59.0,59.0,0.0,11.0,1.77966101695,28.0,28.0,0.0,6.0,1.25,-0.529661016949,-29.7619047619,ASSESSABLE,14.0,3.0,12.2404814144,6.0,3.0,12.2968256974,0.0563442830001,0.460311004874,,,,,,,,,,,,,,,,,,,,,,,True
year_point,12,2023.0,historical_year,12.0,59.0,59.0,0.0,18.0,1.25423728814,28.0,28.0,0.0,6.0,1.25,-0.00423728813559,-0.337837837838,ASSESSABLE,13.0,3.0,14.7561908369,6.0,3.0,16.6007146915,1.84452385461,12.5,,,,,,,,,,,,,,,,,,,,,,,True
year_point,12,2024.0,historical_year,12.0,59.0,59.0,0.0,19.0,1.13559322034,28.0,28.0,0.0,9.0,1.03571428571,-0.0998789346247,-8.79530916844,ASSESSABLE,13.0,3.0,17.6254501663,6.0,3.0,20.8321115352,3.20666136893,18.1933586868,,,,,,,,,,,,,,,,,,,,,,,True
year_point,12,2025.0,historical_year,12.0,59.0,59.0,0.0,23.0,1.05084745763,28.0,28.0,0.0,10.0,1.10714285714,0.0562953995157,5.35714285714,ASSESSABLE,13.0,3.0,20.328129194,6.0,3.0,19.6749211159,-0.65320807811,-3.21332116634,,,,,,,,,,,,,,,,,,,,,,,True
year_point,12,2026.0,event_year,12.0,59.0,59.0,0.0,27.0,0.830508474576,28.0,28.0,0.0,21.0,0.392857142857,-0.437651331719,-52.6967930029,ASSESSABLE,14.0,3.0,19.6749211159,6.0,3.0,27.8112158072,8.13629469135,41.3536331019,,,,,,,,,,,,,,,,,,,,,,,True
leave_one_sar_date,8,,,,,,,,,,,,,,,,,,,,,,,,,,,,,,,2022:2022-01-03,-52.6967930029,41.3542198506,-29.7619047619,[2022],18.1933586868,[2024],True,True,ASSESSABLE,,,,,,,True
leave_one_sar_date,8,,,,,,,,,,,,,,,,,,,,,,,,,,,,,,,2022:2022-01-08,-52.6967930029,41.3542198506,-29.7619047619,[2022],18.1933586868,[2024],True,True,ASSESSABLE,,,,,,,True
leave_one_sar_date,8,,,,,,,,,,,,,,,,,,,,,,,,,,,,,,,2022:2022-01-12,-52.6967930029,41.3542198506,-29.7619047619,[2022],18.1933586868,[2024],True,True,ASSESSABLE,,,,,,,True
leave_one_sar_date,8,,,,,,,,,,,,,,,,,,,,,,,,,,,,,,,2022:2022-01-15,-52.6967930029,41.3542198506,-29.7619047619,[2022],18.1933586868,[2024],True,True,ASSESSABLE,,,,,,,True
leave_one_sar_date,8,,,,,,,,,,,,,,,,,,,,,,,,,,,,,,,2022:2022-01-20,-52.6967930029,41.3542198506,-29.7619047619,[2022],18.1933586868,[2024],True,True,ASSESSABLE,,,,,,,True
leave_one_sar_date,8,,,,,,,,,,,,,,,,,,,,,,,,,,,,,,,2022:2022-01-24,-52.6967930029,41.3542198506,-29.7619047619,[2022],18.1933586868,[2024],True,True,ASSESSABLE,,,,,,,True
leave_one_sar_date,8,,,,,,,,,,,,,,,,,,,,,,,,,,,,,,,2022:2022-01-27,-52.6967930029,41.3542198506,-29.7619047619,[2022],18.1933586868,[2024],True,True,ASSESSABLE,,,,,,,True
leave_one_sar_date,8,,,,,,,,,,,,,,,,,,,,,,,,,,,,,,,2022:2022-02-01,-52.6967930029,41.3542198506,-29.7619047619,[2022],18.1933586868,[2024],True,True,ASSESSABLE,,,,,,,True
leave_one_sar_date,8,,,,,,,,,,,,,,,,,,,,,,,,,,,,,,,2022:2022-02-05,-52.6967930029,41.3542198506,-29.7619047619,[2022],18.1933586868,[2024],True,True,ASSESSABLE,,,,,,,True
leave_one_sar_date,8,,,,,,,,,,,,,,,,,,,,,,,,,,,,,,,2022:2022-02-08,-52.6967930029,41.3542198506,-29.7619047619,[2022],18.1933586868,[2024],True,True,ASSESSABLE,,,,,,,True
leave_one_sar_date,8,,,,,,,,,,,,,,,,,,,,,,,,,,,,,,,2022:2022-02-13,-52.6967930029,41.3542198506,-29.7619047619,[2022],18.1933586868,[2024],True,True,ASSESSABLE,,,,,,,True
leave_one_sar_date,8,,,,,,,,,,,,,,,,,,,,,,,,,,,,,,,2022:2022-02-17,-52.6967930029,41.3542198506,-29.7619047619,[2022],18.1933586868,[2024],True,True,ASSESSABLE,,,,,,,True
leave_one_sar_date,8,,,,,,,,,,,,,,,,,,,,,,,,,,,,,,,2022:2022-02-20,-52.6967930029,41.3542198506,-29.7619047619,[2022],18.1933586868,[2024],True,True,ASSESSABLE,,,,,,,True
leave_one_sar_date,8,,,,,,,,,,,,,,,,,,,,,,,,,,,,,,,2022:2022-02-25,-52.6967930029,41.3542198506,-29.7619047619,[2022],18.1933586868,[2024],True,True,ASSESSABLE,,,,,,,True
leave_one_sar_date,8,,,,,,,,,,,,,,,,,,,,,,,,,,,,,,,2022:2022-03-01,-52.6967930029,41.3542198506,-29.7619047619,[2022],18.1933586868,[2024],True,True,ASSESSABLE,,,,,,,True
leave_one_sar_date,8,,,,,,,,,,,,,,,,,,,,,,,,,,,,,,,2022:2022-03-04,-52.6967930029,41.3542198506,-29.7619047619,[2022],18.1933586868,[2024],True,True,ASSESSABLE,,,,,,,True
leave_one_sar_date,8,,,,,,,,,,,,,,,,,,,,,,,,,,,,,,,2022:2022-03-09,-52.6967930029,41.3542198506,-29.7619047619,[2022],18.1933586868,[2024],True,True,ASSESSABLE,,,,,,,True
leave_one_sar_date,8,,,,,,,,,,,,,,,,,,,,,,,,,,,,,,,2022:2022-03-16,-52.6967930029,41.3542198506,-29.7619047619,[2022],18.1933586868,[2024],True,True,ASSESSABLE,,,,,,,True
leave_one_sar_date,8,,,,,,,,,,,,,,,,,,,,,,,,,,,,,,,2022:2022-03-21,-52.6967930029,41.3542198506,-29.7619047619,[2022],18.1933586868,[2024],True,True,ASSESSABLE,,,,,,,True
leave_one_sar_date,8,,,,,,,,,,,,,,,,,,,,,,,,,,,,,,,2022:2022-03-25,-52.6967930029,41.3542198506,-29.7619047619,[2022],18.1933586868,[2024],True,True,ASSESSABLE,,,,,,,True
leave_one_sar_date,8,,,,,,,,,,,,,,,,,,,,,,,,,,,,,,,2023:2023-01-03,-52.6967930029,41.3542198506,-29.7619047619,[2022],18.1933586868,[2024],True,True,ASSESSABLE,,,,,,,True
leave_one_sar_date,8,,,,,,,,,,,,,,,,,,,,,,,,,,,,,,,2023:2023-01-07,-52.6967930029,41.3542198506,-29.7619047619,[2022],18.1933586868,[2024],True,True,ASSESSABLE,,,,,,,True
leave_one_sar_date,8,,,,,,,,,,,,,,,,,,,,,,,,,,,,,,,2023:2023-01-10,-52.6967930029,41.3542198506,-29.7619047619,[2022],18.1933586868,[2024],True,True,ASSESSABLE,,,,,,,True
leave_one_sar_date,8,,,,,,,,,,,,,,,,,,,,,,,,,,,,,,,2023:2023-01-15,-52.6967930029,41.3542198506,-29.7619047619,[2022],18.1933586868,[2024],True,True,ASSESSABLE,,,,,,,True
leave_one_sar_date,8,,,,,,,,,,,,,,,,,,,,,,,,,,,,,,,2023:2023-01-19,-52.6967930029,41.3542198506,-29.7619047619,[2022],18.1933586868,[2024],True,True,ASSESSABLE,,,,,,,True
leave_one_sar_date,8,,,,,,,,,,,,,,,,,,,,,,,,,,,,,,,2023:2023-01-22,-52.6967930029,41.3542198506,-29.7619047619,[2022],18.1933586868,[2024],True,True,ASSESSABLE,,,,,,,True
leave_one_sar_date,8,,,,,,,,,,,,,,,,,,,,,,,,,,,,,,,2023:2023-01-27,-52.6967930029,41.3542198506,-29.7619047619,[2022],18.1933586868,[2024],True,True,ASSESSABLE,,,,,,,True
leave_one_sar_date,8,,,,,,,,,,,,,,,,,,,,,,,,,,,,,,,2023:2023-01-31,-52.6967930029,41.3542198506,-29.7619047619,[2022],18.1933586868,[2024],True,True,ASSESSABLE,,,,,,,True
leave_one_sar_date,8,,,,,,,,,,,,,,,,,,,,,,,,,,,,,,,2023:2023-02-03,-52.6967930029,41.3542198506,-29.7619047619,[2022],18.1933586868,[2024],True,True,ASSESSABLE,,,,,,,True
leave_one_sar_date,8,,,,,,,,,,,,,,,,,,,,,,,,,,,,,,,2023:2023-02-08,-52.6967930029,41.3542198506,-29.7619047619,[2022],18.1933586868,[2024],True,True,ASSESSABLE,,,,,,,True
leave_one_sar_date,8,,,,,,,,,,,,,,,,,,,,,,,,,,,,,,,2023:2023-02-12,-52.6967930029,41.3542198506,-29.7619047619,[2022],18.1933586868,[2024],True,True,ASSESSABLE,,,,,,,True
leave_one_sar_date,8,,,,,,,,,,,,,,,,,,,,,,,,,,,,,,,2023:2023-02-15,-52.6967930029,41.3542198506,-29.7619047619,[2022],18.1933586868,[2024],True,True,ASSESSABLE,,,,,,,True
leave_one_sar_date,8,,,,,,,,,,,,,,,,,,,,,,,,,,,,,,,2023:2023-02-20,-52.6967930029,41.3542198506,-29.7619047619,[2022],18.1933586868,[2024],True,True,ASSESSABLE,,,,,,,True
leave_one_sar_date,8,,,,,,,,,,,,,,,,,,,,,,,,,,,,,,,2023:2023-03-04,-52.6967930029,41.3542198506,-29.7619047619,[2022],18.1933586868,[2024],True,True,ASSESSABLE,,,,,,,True
leave_one_sar_date,8,,,,,,,,,,,,,,,,,,,,,,,,,,,,,,,2023:2023-03-08,-52.6967930029,41.3542198506,-29.7619047619,[2022],18.1933586868,[2024],True,True,ASSESSABLE,,,,,,,True
leave_one_sar_date,8,,,,,,,,,,,,,,,,,,,,,,,,,,,,,,,2023:2023-03-11,-52.6967930029,41.3542198506,-29.7619047619,[2022],18.1933586868,[2024],True,True,ASSESSABLE,,,,,,,True
leave_one_sar_date,8,,,,,,,,,,,,,,,,,,,,,,,,,,,,,,,2023:2023-03-16,-52.6967930029,41.3542198506,-29.7619047619,[2022],18.1933586868,[2024],True,True,ASSESSABLE,,,,,,,True
leave_one_sar_date,8,,,,,,,,,,,,,,,,,,,,,,,,,,,,,,,2023:2023-03-20,-52.6967930029,41.3542198506,-29.7619047619,[2022],18.1933586868,[2024],True,True,ASSESSABLE,,,,,,,True
leave_one_sar_date,8,,,,,,,,,,,,,,,,,,,,,,,,,,,,,,,2023:2023-03-23,-52.6967930029,41.3542198506,-29.7619047619,[2022],18.1933586868,[2024],True,True,ASSESSABLE,,,,,,,True
leave_one_sar_date,8,,,,,,,,,,,,,,,,,,,,,,,,,,,,,,,2024:2024-01-05,-52.6967930029,41.3542198506,-29.7619047619,[2022],16.8348143341,[2024],True,True,ASSESSABLE,,,,,,,True
leave_one_sar_date,8,,,,,,,,,,,,,,,,,,,,,,,,,,,,,,,2024:2024-01-10,-52.6967930029,41.3542198506,-29.7619047619,[2022],18.1933586868,[2024],True,True,ASSESSABLE,,,,,,,True
leave_one_sar_date,8,,,,,,,,,,,,,,,,,,,,,,,,,,,,,,,2024:2024-01-14,-52.6967930029,41.3542198506,-29.7619047619,[2022],16.8348143341,[2024],True,True,ASSESSABLE,,,,,,,True
leave_one_sar_date,8,,,,,,,,,,,,,,,,,,,,,,,,,,,,,,,2024:2024-01-17,-52.6967930029,41.3542198506,-29.7619047619,[2022],16.8348143341,[2024],True,True,ASSESSABLE,,,,,,,True
leave_one_sar_date,8,,,,,,,,,,,,,,,,,,,,,,,,,,,,,,,2024:2024-01-22,-52.6967930029,41.3542198506,-29.7619047619,[2022],18.1933586868,[2024],True,True,ASSESSABLE,,,,,,,True
leave_one_sar_date,8,,,,,,,,,,,,,,,,,,,,,,,,,,,,,,,2024:2024-01-26,-52.6967930029,41.3542198506,-29.7619047619,[2022],16.8348143341,[2024],True,True,ASSESSABLE,,,,,,,True
leave_one_sar_date,8,,,,,,,,,,,,,,,,,,,,,,,,,,,,,,,2024:2024-01-29,-52.6967930029,41.3542198506,-29.7619047619,[2022],16.8348143341,[2024],True,True,ASSESSABLE,,,,,,,True
leave_one_sar_date,8,,,,,,,,,,,,,,,,,,,,,,,,,,,,,,,2024:2024-02-03,-52.6967930029,41.3542198506,-29.7619047619,[2022],18.1933586868,[2024],True,True,ASSESSABLE,,,,,,,True
leave_one_sar_date,8,,,,,,,,,,,,,,,,,,,,,,,,,,,,,,,2024:2024-02-07,-52.6967930029,41.3542198506,-29.7619047619,[2022],18.1933586868,[2024],True,True,ASSESSABLE,,,,,,,True
leave_one_sar_date,8,,,,,,,,,,,,,,,,,,,,,,,,,,,,,,,2024:2024-02-10,-52.6967930029,41.3542198506,-29.7619047619,[2022],18.1933586868,[2024],True,True,ASSESSABLE,,,,,,,True
leave_one_sar_date,8,,,,,,,,,,,,,,,,,,,,,,,,,,,,,,,2024:2024-02-15,-52.6967930029,41.3542198506,-29.7619047619,[2022],16.8348143341,[2024],True,True,ASSESSABLE,,,,,,,True
leave_one_sar_date,8,,,,,,,,,,,,,,,,,,,,,,,,,,,,,,,2024:2024-02-19,-52.6967930029,41.3542198506,-29.7619047619,[2022],18.1933586868,[2024],True,True,ASSESSABLE,,,,,,,True
leave_one_sar_date,8,,,,,,,,,,,,,,,,,,,,,,,,,,,,,,,2024:2024-02-22,-52.6967930029,41.3542198506,-29.7619047619,[2022],16.8348143341,[2024],True,True,ASSESSABLE,,,,,,,True
leave_one_sar_date,8,,,,,,,,,,,,,,,,,,,,,,,,,,,,,,,2024:2024-03-02,-52.6967930029,41.3542198506,-29.7619047619,[2022],17.7820662109,[2024],True,True,ASSESSABLE,,,,,,,True
leave_one_sar_date,8,,,,,,,,,,,,,,,,,,,,,,,,,,,,,,,2024:2024-03-05,-52.6967930029,41.3542198506,-29.7619047619,[2022],17.7820662109,[2024],True,True,ASSESSABLE,,,,,,,True
leave_one_sar_date,8,,,,,,,,,,,,,,,,,,,,,,,,,,,,,,,2024:2024-03-10,-52.6967930029,41.3542198506,-29.7619047619,[2022],18.6046511628,[2024],True,True,ASSESSABLE,,,,,,,True
leave_one_sar_date,8,,,,,,,,,,,,,,,,,,,,,,,,,,,,,,,2024:2024-03-17,-52.6967930029,41.3542198506,-29.7619047619,[2022],17.7820662109,[2024],True,True,ASSESSABLE,,,,,,,True
leave_one_sar_date,8,,,,,,,,,,,,,,,,,,,,,,,,,,,,,,,2024:2024-03-22,-52.6967930029,41.3542198506,-29.7619047619,[2022],18.6046511628,[2024],True,True,ASSESSABLE,,,,,,,True
leave_one_sar_date,8,,,,,,,,,,,,,,,,,,,,,,,,,,,,,,,2024:2024-03-26,-52.6967930029,41.3542198506,-29.7619047619,[2022],18.6046511628,[2024],True,True,ASSESSABLE,,,,,,,True
leave_one_sar_date,8,,,,,,,,,,,,,,,,,,,,,,,,,,,,,,,2025:2025-01-04,-52.6967930029,41.3542198506,-29.7619047619,[2022],18.1933586868,[2024],True,True,ASSESSABLE,,,,,,,True
leave_one_sar_date,8,,,,,,,,,,,,,,,,,,,,,,,,,,,,,,,2025:2025-01-08,-52.6967930029,41.3542198506,-29.7619047619,[2022],18.1933586868,[2024],True,True,ASSESSABLE,,,,,,,True
leave_one_sar_date,8,,,,,,,,,,,,,,,,,,,,,,,,,,,,,,,2025:2025-01-11,-52.6967930029,41.3542198506,-29.7619047619,[2022],18.1933586868,[2024],True,True,ASSESSABLE,,,,,,,True
leave_one_sar_date,8,,,,,,,,,,,,,,,,,,,,,,,,,,,,,,,2025:2025-01-16,-52.6967930029,41.3542198506,-29.7619047619,[2022],18.1933586868,[2024],True,True,ASSESSABLE,,,,,,,True
leave_one_sar_date,8,,,,,,,,,,,,,,,,,,,,,,,,,,,,,,,2025:2025-01-20,-52.6967930029,41.3542198506,-29.7619047619,[2022],18.1933586868,[2024],True,True,ASSESSABLE,,,,,,,True
leave_one_sar_date,8,,,,,,,,,,,,,,,,,,,,,,,,,,,,,,,2025:2025-01-23,-52.6967930029,41.3542198506,-29.7619047619,[2022],18.1933586868,[2024],True,True,ASSESSABLE,,,,,,,True
leave_one_sar_date,8,,,,,,,,,,,,,,,,,,,,,,,,,,,,,,,2025:2025-01-28,-52.6967930029,41.3542198506,-29.7619047619,[2022],18.1933586868,[2024],True,True,ASSESSABLE,,,,,,,True
leave_one_sar_date,8,,,,,,,,,,,,,,,,,,,,,,,,,,,,,,,2025:2025-02-01,-52.6967930029,41.3542198506,-29.7619047619,[2022],18.1933586868,[2024],True,True,ASSESSABLE,,,,,,,True
leave_one_sar_date,8,,,,,,,,,,,,,,,,,,,,,,,,,,,,,,,2025:2025-02-04,-52.6967930029,41.3542198506,-29.7619047619,[2022],18.1933586868,[2024],True,True,ASSESSABLE,,,,,,,True
leave_one_sar_date,8,,,,,,,,,,,,,,,,,,,,,,,,,,,,,,,2025:2025-02-09,-52.6967930029,41.3542198506,-29.7619047619,[2022],18.1933586868,[2024],True,True,ASSESSABLE,,,,,,,True
leave_one_sar_date,8,,,,,,,,,,,,,,,,,,,,,,,,,,,,,,,2025:2025-02-13,-52.6967930029,41.3542198506,-29.7619047619,[2022],18.1933586868,[2024],True,True,ASSESSABLE,,,,,,,True
leave_one_sar_date,8,,,,,,,,,,,,,,,,,,,,,,,,,,,,,,,2025:2025-02-16,-52.6967930029,41.3542198506,-29.7619047619,[2022],18.1933586868,[2024],True,True,ASSESSABLE,,,,,,,True
leave_one_sar_date,8,,,,,,,,,,,,,,,,,,,,,,,,,,,,,,,2025:2025-02-21,-52.6967930029,41.3542198506,-29.7619047619,[2022],18.1933586868,[2024],True,True,ASSESSABLE,,,,,,,True
leave_one_sar_date,8,,,,,,,,,,,,,,,,,,,,,,,,,,,,,,,2025:2025-03-05,-52.6967930029,41.3542198506,-29.7619047619,[2022],18.1933586868,[2024],True,True,ASSESSABLE,,,,,,,True
leave_one_sar_date,8,,,,,,,,,,,,,,,,,,,,,,,,,,,,,,,2025:2025-03-09,-52.6967930029,41.3542198506,-29.7619047619,[2022],18.1933586868,[2024],True,True,ASSESSABLE,,,,,,,True
leave_one_sar_date,8,,,,,,,,,,,,,,,,,,,,,,,,,,,,,,,2025:2025-03-12,-52.6967930029,41.3542198506,-29.7619047619,[2022],18.1933586868,[2024],True,True,ASSESSABLE,,,,,,,True
leave_one_sar_date,8,,,,,,,,,,,,,,,,,,,,,,,,,,,,,,,2025:2025-03-17,-52.6967930029,41.3542198506,-29.7619047619,[2022],18.1933586868,[2024],True,True,ASSESSABLE,,,,,,,True
leave_one_sar_date,8,,,,,,,,,,,,,,,,,,,,,,,,,,,,,,,2025:2025-03-21,-52.6967930029,41.3542198506,-29.7619047619,[2022],18.1933586868,[2024],True,True,ASSESSABLE,,,,,,,True
leave_one_sar_date,8,,,,,,,,,,,,,,,,,,,,,,,,,,,,,,,2025:2025-03-24,-52.6967930029,41.3542198506,-29.7619047619,[2022],18.1933586868,[2024],True,True,ASSESSABLE,,,,,,,True
leave_one_sar_date,8,,,,,,,,,,,,,,,,,,,,,,,,,,,,,,,2026:2026-01-03,-52.6967930029,41.3542198506,-29.7619047619,[2022],18.1933586868,[2024],True,True,ASSESSABLE,,,,,,,True
leave_one_sar_date,8,,,,,,,,,,,,,,,,,,,,,,,,,,,,,,,2026:2026-01-06,-52.6967930029,41.3542198506,-29.7619047619,[2022],18.1933586868,[2024],True,True,ASSESSABLE,,,,,,,True
leave_one_sar_date,8,,,,,,,,,,,,,,,,,,,,,,,,,,,,,,,2026:2026-01-11,-52.6967930029,41.3542198506,-29.7619047619,[2022],18.1933586868,[2024],True,True,ASSESSABLE,,,,,,,True
leave_one_sar_date,8,,,,,,,,,,,,,,,,,,,,,,,,,,,,,,,2026:2026-01-15,-52.6967930029,41.3542198506,-29.7619047619,[2022],18.1933586868,[2024],True,True,ASSESSABLE,,,,,,,True
leave_one_sar_date,8,,,,,,,,,,,,,,,,,,,,,,,,,,,,,,,2026:2026-01-18,-52.6967930029,41.3542198506,-29.7619047619,[2022],18.1933586868,[2024],True,True,ASSESSABLE,,,,,,,True
leave_one_sar_date,8,,,,,,,,,,,,,,,,,,,,,,,,,,,,,,,2026:2026-01-23,-52.6967930029,41.3542198506,-29.7619047619,[2022],18.1933586868,[2024],True,True,ASSESSABLE,,,,,,,True
leave_one_sar_date,8,,,,,,,,,,,,,,,,,,,,,,,,,,,,,,,2026:2026-01-27,-52.6967930029,41.3542198506,-29.7619047619,[2022],18.1933586868,[2024],True,True,ASSESSABLE,,,,,,,True
leave_one_sar_date,8,,,,,,,,,,,,,,,,,,,,,,,,,,,,,,,2026:2026-01-30,-52.6967930029,41.3542198506,-29.7619047619,[2022],18.1933586868,[2024],True,True,ASSESSABLE,,,,,,,True
leave_one_sar_date,8,,,,,,,,,,,,,,,,,,,,,,,,,,,,,,,2026:2026-02-04,-52.6967930029,41.3542198506,-29.7619047619,[2022],18.1933586868,[2024],True,True,ASSESSABLE,,,,,,,True
leave_one_sar_date,8,,,,,,,,,,,,,,,,,,,,,,,,,,,,,,,2026:2026-02-08,-52.6967930029,41.3542198506,-29.7619047619,[2022],18.1933586868,[2024],True,True,ASSESSABLE,,,,,,,True
leave_one_sar_date,8,,,,,,,,,,,,,,,,,,,,,,,,,,,,,,,2026:2026-02-11,-52.6967930029,41.3542198506,-29.7619047619,[2022],18.1933586868,[2024],True,True,ASSESSABLE,,,,,,,True
leave_one_sar_date,8,,,,,,,,,,,,,,,,,,,,,,,,,,,,,,,2026:2026-02-16,-52.6967930029,41.3542198506,-29.7619047619,[2022],18.1933586868,[2024],True,True,ASSESSABLE,,,,,,,True
leave_one_sar_date,8,,,,,,,,,,,,,,,,,,,,,,,,,,,,,,,2026:2026-02-20,-52.6967930029,41.3542198506,-29.7619047619,[2022],18.1933586868,[2024],True,True,ASSESSABLE,,,,,,,True
leave_one_sar_date,8,,,,,,,,,,,,,,,,,,,,,,,,,,,,,,,2026:2026-02-23,-52.6967930029,41.3542198506,-29.7619047619,[2022],18.1933586868,[2024],True,True,ASSESSABLE,,,,,,,True
leave_one_sar_date,8,,,,,,,,,,,,,,,,,,,,,,,,,,,,,,,2026:2026-03-04,-52.6967930029,54.0104432587,-29.7619047619,[2022],18.1933586868,[2024],True,True,ASSESSABLE,,,,,,,True
leave_one_sar_date,8,,,,,,,,,,,,,,,,,,,,,,,,,,,,,,,2026:2026-03-07,-52.6967930029,41.3536331019,-29.7619047619,[2022],18.1933586868,[2024],True,True,ASSESSABLE,,,,,,,True
leave_one_sar_date,8,,,,,,,,,,,,,,,,,,,,,,,,,,,,,,,2026:2026-03-12,-52.6967930029,54.0104432587,-29.7619047619,[2022],18.1933586868,[2024],True,True,ASSESSABLE,,,,,,,True
leave_one_sar_date,8,,,,,,,,,,,,,,,,,,,,,,,,,,,,,,,2026:2026-03-19,-52.6967930029,41.3536331019,-29.7619047619,[2022],18.1933586868,[2024],True,True,ASSESSABLE,,,,,,,True
leave_one_sar_date,8,,,,,,,,,,,,,,,,,,,,,,,,,,,,,,,2026:2026-03-24,-52.6967930029,54.0098565099,-29.7619047619,[2022],18.1933586868,[2024],True,True,ASSESSABLE,,,,,,,True
leave_one_relative_orbit,8,,,,,,,,,,,,,,,,,,,,,,,,,,,,,,,57,-52.6967930029,54.0104432587,-29.7619047619,[2022],18.1933586868,[2024],True,True,ASSESSABLE,,,,,,,True
leave_one_relative_orbit,8,,,,,,,,,,,,,,,,,,,,,,,,,,,,,,,93,-52.6967930029,45.6498764743,-29.7619047619,[2022],26.6837205818,[2022],True,True,ASSESSABLE,,,,,,,True
leave_one_relative_orbit,8,,,,,,,,,,,,,,,,,,,,,,,,,,,,,,,166,-52.6967930029,64.9484536082,-29.7619047619,[2022],22.0930232558,[2024],True,True,ASSESSABLE,,,,,,,True
bootstrap_contrast,8,,,,,,,,,,,,,,,,,,,,,,,,,,,,,,,,,,,,,,,,,port_2026_minus_historical_min,-57.3196180421,-21.3199976534,26.4453482033,5000.0,20260817.0,True
bootstrap_contrast,8,,,,,,,,,,,,,,,,,,,,,,,,,,,,,,,,,,,,,,,,,sar_2026_minus_historical_max,9.02197815525,22.0360380325,35.1371544062,5000.0,20260817.0,True
bootstrap_contrast,8,,,,,,,,,,,,,,,,,,,,,,,,,,,,,,,,,,,,,,,,,port_2026_minus_2024,-97.3026432072,-44.6220278285,10.2740448496,5000.0,20260817.0,True
bootstrap_contrast,8,,,,,,,,,,,,,,,,,,,,,,,,,,,,,,,,,,,,,,,,,sar_2026_minus_2024,10.8520148894,24.3898138628,44.4424143976,5000.0,20260817.0,True
