analysis_id,buffer_km,region_context,region_name_zh,phase,phase_label,calendar_days_2026,no2_valid_days_2026,no2_missing_or_ineligible_days_2026,no2_mean_anomaly_mol_m2,no2_median_anomaly_mol_m2,no2_equal_year_historical_mean_mol_m2,no2_change_vs_historical_mol_m2,no2_percent_change_vs_historical,no2_mean_leave_2026_03_17_out_mol_m2,no2_leave_march17_percent_change_from_primary_mean,mean_signed_population_column_burden_person_mol_m2,historical_mean_signed_population_column_burden_person_mol_m2,burden_percent_change_vs_historical,mean_population_coverage_fraction,mean_observed_population_persons,mean_positive_anomaly_covered_population_persons,mean_negative_anomaly_covered_population_persons,mean_positive_anomaly_population_fraction,meteorological_normalization_reliable_all_valid_days,historical_valid_days_by_year_json,no2_current_bootstrap_ci95_lower,no2_current_bootstrap_ci95_upper,no2_change_vs_historical_bootstrap_ci95_lower,no2_change_vs_historical_bootstrap_ci95_upper,no2_percent_change_vs_historical_bootstrap_ci95_lower,no2_percent_change_vs_historical_bootstrap_ci95_upper,burden_change_vs_historical_bootstrap_ci95_lower,burden_change_vs_historical_bootstrap_ci95_upper,causal_effect_computed,port_calendar_days,port_total_calls,port_mean_calls_per_day,port_historical_equal_year_mean_total_calls,port_historical_equal_year_mean_calls_per_day,port_percent_change_vs_historical,port_percent_change_vs_2026_baseline,sar_eligible_dates,sar_current_median_density_per_100_km2,sar_matched_historical_median_density_per_100_km2,sar_percent_change_vs_historical,sar_percent_change_vs_2026_baseline,no2_percent_change_vs_2026_baseline,burden_percent_change_vs_2026_baseline
khor_fakkan_subregion_sensitivity,20,pair_specific_primary_sensitivity_domain,豪尔费坎子区,baseline,Jan 1–Feb 28,59,46,13,2.7754904376253274e-05,2.3067542484616433e-05,2.4081582237482655e-05,3.6733221387706184e-06,15.2536577644518,2.7754904376253274e-05,0.0,7.865555754404354,6.819255283045609,15.34332457035465,0.970580370125002,279724.33766002656,206747.933002334,72976.40465769263,0.7374543985878931,True,"{""2022"": 50, ""2023"": 42, ""2024"": 44, ""2025"": 44}",1.7207027665939343e-05,3.859392331207921e-05,-7.877631655891301e-06,1.5841837801918542e-05,-30.53090812386748,75.11562152026913,-2.2830759870956885,4.39092299897926,False,59,49.0,0.8305084745762712,77.0,1.305084745762712,-36.36363636363637,0.0,14,19.674921115863153,17.01229756636631,15.651169626617092,0.0,0.0,0.0
khor_fakkan_subregion_sensitivity,20,pair_specific_primary_sensitivity_domain,豪尔费坎子区,early,Mar 1–14,14,7,7,3.502490178572997e-05,-3.14027188268604e-06,1.880030508762803e-05,1.622459669810194e-05,86.29964579021065,3.502490178572997e-05,0.0,10.182193133980146,5.068416839173105,100.8949432746604,0.9554323954426557,275358.6433648035,152973.21470785173,122385.42865695183,0.5393228909047876,True,"{""2022"": 12, ""2023"": 10, ""2024"": 10, ""2025"": 9}",-1.4203355083986953e-05,0.00014662799811906803,-3.4411396232213543e-05,0.00012707637391832447,-175.85860582170986,696.1080293735732,-9.353248182819625,36.05692783355891,False,14,8.0,0.5714285714285714,16.25,1.1607142857142858,-50.76923076923078,-31.195335276967935,3,27.811100364865034,18.240291451164797,52.47070168436952,41.353046353217565,26.193559563104845,29.452939524058177
khor_fakkan_subregion_sensitivity,20,pair_specific_primary_sensitivity_domain,豪尔费坎子区,acute_second_half,Mar 15–28,14,6,8,6.775010884117531e-05,4.732066579210878e-05,2.1744427964702732e-05,4.600568087647258e-05,211.57457419046673,3.788071631364024e-05,-44.087593420044605,19.342571144536226,6.109328873073386,216.6071355200374,0.9906162663449889,285498.7464282969,251658.9910829628,33839.75534533407,0.8814714398270295,True,"{""2022"": 14, ""2023"": 13, ""2024"": 7, ""2025"": 12}",8.497626686716987e-06,8.045180101285376e-05,-1.1459145375660943e-05,6.448265944592226e-05,-57.419833831086805,534.8245251610542,-3.2503446477013096,18.401959906671543,False,14,3.0,0.21428571428571427,16.25,1.1607142857142858,-81.53846153846155,-74.19825072886297,2,30.301433221332108,16.592841360337705,82.61750693140719,54.01044325865782,144.10139528040096,145.9148691903336
khor_fakkan_subregion_sensitivity,20,pair_specific_primary_sensitivity_domain,豪尔费坎子区,acute_full,Mar 1–28,28,13,15,5.012884350362782e-05,8.731736597921543e-06,1.9925620418834142e-05,3.0203223084793675e-05,151.57983766590732,3.6214824505692584e-05,-27.756513068026948,14.41005990808295,5.502562020160967,161.87910023159375,0.9716711050898866,280038.6909325697,198520.49611174918,81518.19482082056,0.697237605791976,True,"{""2022"": 26, ""2023"": 23, ""2024"": 17, ""2025"": 21}",-7.969612799030504e-06,0.00010232589262961876,-2.7922349463611164e-05,8.138254383501295e-05,-141.1614780585805,437.878656824037,-7.707209892279487,23.554233921149123,False,28,11.0,0.39285714285714285,32.5,1.1607142857142858,-66.15384615384616,-52.696793002915456,5,27.81133124955896,18.240291451164797,52.47196747935172,41.35421985064898,80.61256066339536,83.20459937003143
khor_fakkan_subregion_sensitivity,20,pair_specific_primary_sensitivity_domain,豪尔费坎子区,May,May 1–31,31,30,1,4.538847148460047e-05,3.626723178755189e-05,2.312885133771911e-05,2.2259620146881362e-05,96.24178832685831,4.538847148460047e-05,0.0,12.889135602848487,6.585355425200788,95.72422095130113,0.9883086340403843,284833.6794870756,235640.10371645642,49193.57577061917,0.8276924981771359,True,"{""2022"": 29, ""2023"": 24, ""2024"": 28, ""2025"": 31}",2.515766561356889e-05,6.825885894034705e-05,1.8960636511515815e-06,4.468615898194973e-05,8.334574248195814,201.69437028004168,0.44000435171130486,12.674057027747345,False,31,39.0,1.2580645161290323,38.0,1.2258064516129032,2.6315789473684186,51.48123765635286,7,27.053016534311837,18.483583434514976,46.36240115536736,37.50000000000001,63.53315748921925,63.868085171618766
khor_fakkan_subregion_sensitivity,20,pair_specific_primary_sensitivity_domain,豪尔费坎子区,June,Jun 1–30,30,29,1,3.970649250885177e-05,3.6934510619222315e-05,1.928155957040338e-05,2.042493293844839e-05,105.92988012131578,3.970649250885177e-05,0.0,11.296121831398178,5.4914695589084825,105.70307656669343,0.9862032164208684,284226.891458753,260038.20277050973,24188.68868824327,0.9149833832859497,True,"{""2022"": 26, ""2023"": 21, ""2024"": 30, ""2025"": 29}",3.5331533797646795e-05,4.453189490428059e-05,1.4202235110541979e-05,2.661253580027766e-05,62.994561157645464,165.89411296892087,4.035880802238428,7.55389065323147,False,30,50.0,1.6666666666666667,37.25,1.2416666666666667,34.22818791946309,100.68027210884355,6,30.33217005362236,17.53024382400233,73.0276564213653,54.166666666666664,43.06117567756464,43.615050024568994
khor_fakkan_subregion_sensitivity,20,pair_specific_primary_sensitivity_domain,豪尔费坎子区,late_phase,May 1–Jun 30,61,59,2,4.259563436092738e-05,3.692181907777283e-05,2.120771959945467e-05,2.1387914761472713e-05,100.84966778805713,4.259563436092738e-05,0.0,12.106128833830539,6.038985268844958,100.46627529108063,0.9872737677528254,284535.42774434073,247632.3896921775,36903.03805216322,0.8705981874679086,True,"{""2022"": 55, ""2023"": 45, ""2024"": 58, ""2025"": 60}",3.210272028224106e-05,5.454693370129494e-05,1.0424726174220239e-05,3.356249096199575e-05,46.94184182002016,167.85319972540924,2.9233370281351623,9.579741766393193,False,61,89.0,1.459016393442623,75.25,1.2336065573770492,18.272425249169444,75.67748410839746,13,28.282699104053282,18.445238546121708,53.333333333333314,43.75,53.47065795467716,53.91320348917058
khor_fakkan_subregion_sensitivity,20,pair_specific_primary_sensitivity_domain,豪尔费坎子区,full_event,Mar 1–Jun 30,122,95,27,3.906570903265888e-05,3.112572027435509e-05,2.3593472484391065e-05,1.5472236548267814e-05,65.57846268074321,3.71717583683377e-05,-4.848115421987708,11.07949965717261,6.665787956728186,66.21440299476366,0.9746994175763126,280911.4601854488,225424.89336948976,55486.56681595903,0.798735232838569,True,"{""2022"": 111, ""2023"": 97, ""2024"": 102, ""2025"": 113}",2.7212029297846724e-05,5.145454485987488e-05,3.1615240767248267e-06,2.8421649860281765e-05,12.750905326257069,127.4129255222604,0.7296198009150409,8.160668348730354,False,122,131.0,1.0737704918032787,147.75,1.2110655737704918,-11.336717428087992,29.290732686517224,23,27.811100364865034,18.2713157896164,52.21180940165296,41.353046353217565,40.752454063877,40.86098939631308
khor_fakkan_subregion_sensitivity,10,spatial_scale_sensitivity,豪尔费坎子区,baseline,Jan 1–Feb 28,59,45,14,2.2223790860777952e-05,1.7120186078774705e-05,2.2868485539450116e-05,-6.446946786721633e-07,-2.8191402424091847,2.2223790860777952e-05,0.0,3.9262575172415697,4.078745550220422,-3.7386012709376137,0.9806062860387701,174999.65690738327,128662.86163835999,46336.79526902331,0.7386030088190461,True,"{""2022"": 50, ""2023"": 42, ""2024"": 43, ""2025"": 44}",9.788421914491656e-06,3.359657378229034e-05,-1.4029509146701378e-05,1.2261647800022544e-05,-57.657666191409426,61.76941266227456,-2.600951600152361,2.2254807680601862,False,59,49.0,0.8305084745762712,77.0,1.305084745762712,-36.36363636363637,0.0,14,19.674921115863153,17.01229756636631,15.651169626617092,0.0,0.0,0.0
khor_fakkan_subregion_sensitivity,10,spatial_scale_sensitivity,豪尔费坎子区,early,Mar 1–14,14,7,7,4.676511400913119e-05,6.565935983570109e-06,1.9767957282529995e-05,2.6997156726601192e-05,136.57029070201415,4.676511400913119e-05,0.0,8.542694844931821,3.454991790082338,147.25658884208912,0.958746686533562,171098.5780870574,99764.38521827527,71334.19286878213,0.560523343869281,True,"{""2022"": 12, ""2023"": 10, ""2024"": 9, ""2025"": 9}",-1.1009282708481263e-05,0.00018023357653242038,-3.359271228046842e-05,0.0001589931712032932,-157.6205417200175,831.781559590903,-5.621139015197554,28.26958441826554,False,14,8.0,0.5714285714285714,16.25,1.1607142857142858,-50.76923076923078,-31.195335276967935,3,27.811100364865034,18.240291451164797,52.47070168436952,41.353046353217565,110.42815918352355,117.57856705572318
khor_fakkan_subregion_sensitivity,10,spatial_scale_sensitivity,豪尔费坎子区,acute_second_half,Mar 15–28,14,6,8,8.674697173723514e-05,6.203889866534797e-05,2.0129505514976995e-05,6.661746622225814e-05,330.94437502547004,4.76380568664946e-05,-45.08389640298358,15.445885714627282,3.5178407823766396,339.0729049480205,0.9977367520244259,178056.7713811883,151362.24758752272,26694.523793665572,0.8500785811929766,True,"{""2022"": 14, ""2023"": 13, ""2024"": 7, ""2025"": 12}",3.6722670710608467e-06,0.00011003304767950299,-1.4079918135013253e-05,9.184512686946419e-05,-79.31371132463376,876.6512583962018,-2.4821175827541913,16.38854569431871,False,14,3.0,0.21428571428571427,16.25,1.1607142857142858,-81.53846153846155,-74.19825072886297,2,30.301433221332108,16.592841360337705,82.61750693140719,54.01044325865782,290.33381964699845,293.3997107117655
khor_fakkan_subregion_sensitivity,10,spatial_scale_sensitivity,豪尔费坎子区,acute_full,Mar 1–28,28,13,15,6.521827911440994e-05,1.0925775833002664e-05,1.9551960197215897e-05,4.5666318917194044e-05,233.56389055915074,4.712884019969927e-05,-27.73676208625048,11.72878293863742,3.415838990513681,243.3646308040304,0.9767421013754993,174310.0519151178,123578.783234851,50731.2686802668,0.6941642226340636,True,"{""2022"": 26, ""2023"": 23, ""2024"": 16, ""2025"": 21}",-6.345813790247795e-06,0.00012964533137609953,-2.6424947756715854e-05,0.00010886860923670814,-135.50833016906168,615.3355156908302,-4.347615235960557,19.52443968965496,False,28,11.0,0.39285714285714285,32.5,1.1607142857142858,-66.15384615384616,-52.696793002915456,5,27.81133124955896,18.240291451164797,52.47196747935172,41.35421985064898,193.4615409358966,198.7267872046658
khor_fakkan_subregion_sensitivity,10,spatial_scale_sensitivity,豪尔费坎子区,May,May 1–31,31,30,1,4.972509190711217e-05,3.763749673883845e-05,2.2779700540234315e-05,2.6945391366877857e-05,118.28685508523675,4.972509190711217e-05,0.0,8.76009311837966,4.041383556698733,116.7597555510291,0.9940100657284446,177391.70443996697,144661.3129943383,32730.391445628666,0.8161800239792139,True,"{""2022"": 30, ""2023"": 24, ""2024"": 28, ""2025"": 31}",2.6069418101972424e-05,7.225269669925676e-05,2.9824382912300725e-06,4.96217712781944e-05,12.424475159424363,234.0106891247041,0.6510384533698246,8.751115232685535,False,31,39.0,1.2580645161290323,38.0,1.2258064516129032,2.6315789473684186,51.48123765635286,7,27.053016534311837,18.483583434514976,46.36240115536736,37.50000000000001,123.74711955587368,123.1156025785631
khor_fakkan_subregion_sensitivity,10,spatial_scale_sensitivity,豪尔费坎子区,June,Jun 1–30,30,29,1,4.4360136345073e-05,3.543687803426899e-05,2.1434528927541548e-05,2.292560741753145e-05,106.9564322828387,4.4360136345073e-05,0.0,7.875642188496897,3.8201972547950045,106.15799821885143,0.9935704465916464,177313.2497133301,159297.9473137545,18015.302399575598,0.8988227054785354,True,"{""2022"": 26, ""2023"": 21, ""2024"": 29, ""2025"": 28}",3.933813838376017e-05,4.82604699774277e-05,1.630050788264733e-05,2.9173458459204055e-05,64.8058120713582,166.20117306437336,2.863376205091001,5.160051259455635,False,30,50.0,1.6666666666666667,37.25,1.2416666666666667,34.22818791946309,100.68027210884355,6,30.33217005362236,17.53024382400233,73.0276564213653,54.166666666666664,99.6065235808296,100.58903813395322
khor_fakkan_subregion_sensitivity,10,spatial_scale_sensitivity,豪尔费坎子区,late_phase,May 1–Jun 30,61,59,2,4.70880798511946e-05,3.662474373497752e-05,2.205778030713378e-05,2.503029954406082e-05,113.47605786048058,4.70880798511946e-05,0.0,8.325363000301692,3.92155507304087,112.29749028734159,0.9937939817459503,177353.14194721327,151855.59088015306,25497.551067060213,0.8568010030212532,True,"{""2022"": 56, ""2023"": 45, ""2024"": 57, ""2025"": 59}",3.508522592938799e-05,5.95249161379388e-05,1.2463946566318915e-05,3.775257294921898e-05,53.234692103698535,179.64969564592107,2.2391950707240125,6.609853282789368,False,61,89.0,1.459016393442623,75.25,1.2336065573770492,18.272425249169444,75.67748410839746,13,28.282699104053282,18.445238546121708,53.333333333333314,43.75,111.88140289017399,112.04322344477181
khor_fakkan_subregion_sensitivity,10,spatial_scale_sensitivity,豪尔费坎子区,full_event,Mar 1–Jun 30,122,95,27,4.4262891648583e-05,3.090759574270851e-05,2.4549818557663666e-05,1.9713073090919336e-05,80.29824352720337,4.173067192047283e-05,-5.7208637614872995,7.839885530008087,4.33192406609102,80.97929258216503,0.9863782187064085,176029.7198907744,137070.5608143401,38959.15907643434,0.7774044279446534,True,"{""2022"": 115, ""2023"": 96, ""2024"": 100, ""2025"": 112}",2.961616069875256e-05,5.936192441696785e-05,4.6455933389393886e-06,3.5463939440569094e-05,17.94980868320755,154.18714823434345,0.9324211160060966,6.3001785610850956,False,122,131.0,1.0737704918032787,147.75,1.2110655737704918,-11.336717428087992,29.290732686517224,23,27.811100364865034,18.2713157896164,52.21180940165296,41.353046353217565,99.16895333415482,99.67833224337447
khor_fakkan_subregion_sensitivity,30,spatial_scale_sensitivity,豪尔费坎子区,baseline,Jan 1–Feb 28,59,47,12,3.5625237389985956e-05,3.84283435919652e-05,2.2938082190045774e-05,1.2687155199940182e-05,55.31044441651669,3.5625237389985956e-05,0.0,16.372704761338507,10.472354978150069,56.342148404052,0.9792293279904761,454074.74107111874,337948.8308599426,116125.91021117594,0.7426725038134061,True,"{""2022"": 50, ""2023"": 42, ""2024"": 44, ""2025"": 43}",2.4411424835031467e-05,4.709056460707736e-05,1.3223258368817625e-07,2.5060373721467046e-05,0.5765310527837628,121.22495617240723,0.35309552275064393,11.519568140605257,False,59,49.0,0.8305084745762712,77.0,1.305084745762712,-36.36363636363637,0.0,14,19.674921115863153,17.01229756636631,15.651169626617092,0.0,0.0,0.0
khor_fakkan_subregion_sensitivity,30,spatial_scale_sensitivity,豪尔费坎子区,early,Mar 1–14,14,7,7,2.7427040341631813e-05,-3.0523321645553082e-06,1.6300472974872897e-05,1.1126567366758916e-05,68.25916882234317,2.7427040341631813e-05,0.0,12.303282700086188,7.556076070546187,62.826347765935765,0.9451690157138394,438280.7620350193,243473.3622494294,194807.39978558995,0.546365110920808,True,"{""2022"": 12, ""2023"": 10, ""2024"": 10, ""2025"": 8}",-1.260439596293236e-05,0.00011531809544909021,-3.27991104252156e-05,9.682946145330148e-05,-181.19346011488946,653.1663115651706,-15.007215346991266,42.88253221520272,False,14,8.0,0.5714285714285714,16.25,1.1607142857142858,-50.76923076923078,-31.195335276967935,3,27.811100364865034,18.240291451164797,52.47070168436952,41.353046353217565,-23.012329598282506,-24.854916280305755
khor_fakkan_subregion_sensitivity,30,spatial_scale_sensitivity,豪尔费坎子区,acute_second_half,Mar 15–28,14,6,8,5.8023313216165254e-05,3.974485818219653e-05,2.0477742183496586e-05,3.754557103266867e-05,183.34819677008815,3.400518323699255e-05,-41.3939305563152,26.873486982281506,9.364604666601787,186.96872894297326,0.9988000751059806,463149.81845598185,386611.00675995013,76538.81169603171,0.8347428658156625,True,"{""2022"": 14, ""2023"": 13, ""2024"": 7, ""2025"": 12}",1.3150103331304477e-05,6.903131069624397e-05,-6.157416783853211e-06,5.300120653987346e-05,-31.710163893218592,513.0558007709412,-2.299443025240942,24.75539148075781,False,14,3.0,0.21428571428571427,16.25,1.1607142857142858,-81.53846153846155,-74.19825072886297,2,30.301433221332108,16.592841360337705,82.61750693140719,54.01044325865782,62.8713728444523,64.13590407944628
khor_fakkan_subregion_sensitivity,30,spatial_scale_sensitivity,豪尔费坎子区,acute_full,Mar 1–28,28,13,15,4.154839705295494e-05,1.3150103331304477e-05,1.831811080996125e-05,2.3230286242993693e-05,126.81594998519846,3.016793321469879e-05,-27.390861370058005,19.02799236879172,8.415309157746234,126.11162599150124,0.9699218123563663,449758.7880754636,309536.8904850544,140221.89759040924,0.6794625362568947,True,"{""2022"": 26, ""2023"": 23, ""2024"": 17, ""2025"": 20}",-5.831246698382823e-06,8.13456708090258e-05,-2.491441325569971e-05,6.267916285415677e-05,-132.78431862447616,398.09098771239485,-10.912979457580878,27.78421568131584,False,28,11.0,0.39285714285714285,32.5,1.1607142857142858,-66.15384615384616,-52.696793002915456,5,27.81133124955896,18.240291451164797,52.47196747935172,41.35421985064898,16.626302298364337,16.217770039579793
khor_fakkan_subregion_sensitivity,30,spatial_scale_sensitivity,豪尔费坎子区,May,May 1–31,31,29,2,3.9553868265937215e-05,3.546075728524953e-05,2.2291594709187444e-05,1.726227355674977e-05,77.43848648762285,3.9553868265937215e-05,0.0,18.260409332725363,10.242162146661716,78.2866651713484,0.9973068507993431,462457.40104055475,365602.87530656555,96854.52573398934,0.7908330736692308,True,"{""2022"": 29, ""2023"": 23, ""2024"": 28, ""2025"": 31}",2.236965721924323e-05,6.0359402770467256e-05,-5.757715667138593e-07,3.804447946604637e-05,-2.5015304366485656,177.7481955561541,-0.3020850233353989,17.778429793244495,False,31,39.0,1.2580645161290323,38.0,1.2258064516129032,2.6315789473684186,51.48123765635286,7,27.053016534311837,18.483583434514976,46.36240115536736,37.50000000000001,11.027662308449834,11.529582918054958
khor_fakkan_subregion_sensitivity,30,spatial_scale_sensitivity,豪尔费坎子区,June,Jun 1–30,30,29,1,3.2896851762922636e-05,3.170272896120419e-05,1.6596043307906823e-05,1.6300808455015813e-05,98.22105276894312,3.2896851762922636e-05,0.0,15.17780653583255,7.576905865555648,100.31668342126744,0.9946195343986461,461211.27568059776,405108.8213798771,56102.45430072061,0.8784078257788848,True,"{""2022"": 27, ""2023"": 23, ""2024"": 30, ""2025"": 29}",2.7982879927296443e-05,3.834431105259939e-05,9.80873998557595e-06,2.305425037727619e-05,49.89152876927496,170.62775431230355,4.562418271438841,10.591276196494695,False,30,50.0,1.6666666666666667,37.25,1.2416666666666667,34.22818791946309,100.68027210884355,6,30.33217005362236,17.53024382400233,73.0276564213653,54.166666666666664,-7.658575288063212,-7.298111356209856
khor_fakkan_subregion_sensitivity,30,spatial_scale_sensitivity,豪尔费坎子区,late_phase,May 1–Jun 30,61,58,3,3.622536001442993e-05,3.237065050379795e-05,1.9412673840181858e-05,1.681268617424807e-05,86.60675140715479,3.622536001442993e-05,0.0,16.71910793427896,8.89663799635974,87.92613503123269,0.9959631925989949,461834.3383605764,385355.8483432214,76478.49001735495,0.8346204497240578,True,"{""2022"": 56, ""2023"": 46, ""2024"": 58, ""2025"": 60}",2.6951831157151676e-05,4.7699679047678525e-05,7.029540175818081e-06,2.8852314422501172e-05,34.21614989033941,156.51737353401893,3.4399700100212014,13.330373005764988,False,61,89.0,1.459016393442623,75.25,1.2336065573770492,18.272425249169444,75.67748410839746,13,28.282699104053282,18.445238546121708,53.333333333333314,43.75,1.6845435101933204,2.115735780922568
khor_fakkan_subregion_sensitivity,30,spatial_scale_sensitivity,豪尔费坎子区,full_event,Mar 1–Jun 30,122,96,26,3.49496245203183e-05,2.990781823813937e-05,2.1630799954758747e-05,1.3318824565559553e-05,61.573425825286826,3.344263148251082e-05,-4.31190050963601,15.662537717307023,9.893971156012206,58.30385464373896,0.9699110389194495,449753.792365635,347507.6232908226,102246.16907481226,0.7710640881336124,True,"{""2022"": 113, ""2023"": 99, ""2024"": 102, ""2025"": 112}",2.4916870314012464e-05,4.4867070834825834e-05,2.5674734724405904e-06,2.369004822160222e-05,11.293538663841872,118.10766029379488,0.9039515493538977,10.533968848214808,False,122,131.0,1.0737704918032787,147.75,1.2110655737704918,-11.336717428087992,29.290732686517224,23,27.811100364865034,18.2713157896164,52.21180940165296,41.353046353217565,-1.896444540907305,-4.337505955084643
fujairah_khor_fakkan_east_coast_cluster,20,primary_cluster_context,富查伊拉—豪尔费坎组合区,baseline,Jan 1–Feb 28,59,48,11,2.7283692402022985e-05,2.44026237835086e-05,2.179767882392139e-05,5.486013578101596e-06,25.167879673871926,2.7283692402022985e-05,0.0,10.811500436137706,8.550012663271028,26.450110215409758,0.9771296021204612,391055.6955028849,286330.4059107103,104725.28959217465,0.7305954364649564,True,"{""2022"": 50, ""2023"": 43, ""2024"": 45, ""2025"": 43}",1.8350357337195216e-05,3.609793980214874e-05,-4.570097924879942e-06,1.5236007184598478e-05,-18.91220884975319,76.83812059157258,-1.7942036595301962,6.086530855879138,False,59,49.0,0.8305084745762712,77.0,1.305084745762712,-36.36363636363637,0.0,14,19.674921115863153,17.01229756636631,15.651169626617092,0.0,0.0,0.0
fujairah_khor_fakkan_east_coast_cluster,20,primary_cluster_context,富查伊拉—豪尔费坎组合区,early,Mar 1–14,14,7,7,2.9987412520814782e-05,-1.8427400300869684e-06,1.4623949231798858e-05,1.5363463289015924e-05,105.05686969706541,2.9987412520814782e-05,0.0,12.064412207753874,5.857671419461237,105.95918316059293,0.9596769918280827,384071.01031740283,208710.52428748686,175360.48602991592,0.5297637297787562,True,"{""2022"": 12, ""2023"": 10, ""2024"": 10, ""2025"": 8}",-1.26084378490474e-05,0.00012549841223642502,-2.8789927734020027e-05,0.00010890802971270389,-190.670750181079,794.618116070381,-10.959175668308704,42.565482008771255,False,14,8.0,0.5714285714285714,16.25,1.1607142857142858,-50.76923076923078,-31.195335276967935,3,27.811100364865034,18.240291451164797,52.47070168436952,41.353046353217565,9.909656211310045,11.588694640646539
fujairah_khor_fakkan_east_coast_cluster,20,primary_cluster_context,富查伊拉—豪尔费坎组合区,acute_second_half,Mar 15–28,14,6,8,5.591437185904875e-05,4.0075973383744035e-05,2.1793216856328514e-05,3.4121155002720234e-05,156.56777623819139,3.1932344785032595e-05,-42.890631293276506,22.29809656411616,8.596961969812183,159.37181811917804,0.9964554719194573,398790.0753016794,322759.6309677279,76030.44433395156,0.8093472003373315,True,"{""2022"": 14, ""2023"": 13, ""2024"": 7, ""2025"": 12}",7.953330010560818e-06,6.68326696548764e-05,-1.0816173407938597e-05,5.019046486730151e-05,-57.6158668100442,418.4505758923427,-5.194374405160097,19.953177322934906,False,14,3.0,0.21428571428571427,16.25,1.1607142857142858,-81.53846153846155,-74.19825072886297,2,30.301433221332108,16.592841360337705,82.61750693140719,54.01044325865782,104.9369676037797,106.24423682751957
fujairah_khor_fakkan_east_coast_cluster,20,primary_cluster_context,富查伊拉—豪尔费坎组合区,acute_full,Mar 1–28,28,13,15,4.195370144615354e-05,9.348814569043044e-06,1.8345712660807467e-05,2.360798878534607e-05,128.6839558747727,3.079780096423887e-05,-26.590980288671233,16.78765114145954,7.2647334143329045,131.08420067195394,0.9766516749471787,390864.42492553056,261348.5735245212,129515.85140100929,0.6588022546519449,True,"{""2022"": 26, ""2023"": 23, ""2024"": 17, ""2025"": 20}",-6.8738207456558656e-06,8.63486535443782e-05,-2.490335290781613e-05,6.672493187121147e-05,-138.7326617115855,412.5921432532958,-9.78096355703468,26.32730184967527,False,28,11.0,0.39285714285714285,32.5,1.1607142857142858,-66.15384615384616,-52.696793002915456,5,27.81133124955896,18.240291451164797,52.47196747935172,41.35421985064898,53.768415315526816,55.27586795766482
fujairah_khor_fakkan_east_coast_cluster,20,primary_cluster_context,富查伊拉—豪尔费坎组合区,May,May 1–31,31,30,1,3.7890739594301524e-05,3.041348805510283e-05,2.188833669023623e-05,1.6002402904065295e-05,73.1092687878998,3.7890739594301524e-05,0.0,15.057876459504481,8.664743178887495,73.78329800004332,0.9947936713035032,398125.008360458,307720.4590096921,90404.54935076604,0.7732084422000651,True,"{""2022"": 30, ""2023"": 23, ""2024"": 29, ""2025"": 31}",2.2185553519549313e-05,5.623290774441259e-05,1.762610567927853e-07,3.451211960649696e-05,0.7503257545833198,166.14601905668724,-0.060054203270839907,13.895720348543891,False,31,39.0,1.2580645161290323,38.0,1.2258064516129032,2.6315789473684186,51.48123765635286,7,27.053016534311837,18.483583434514976,46.36240115536736,37.50000000000001,38.87687573948776,39.276472756484
fujairah_khor_fakkan_east_coast_cluster,20,primary_cluster_context,富查伊拉—豪尔费坎组合区,June,Jun 1–30,30,29,1,3.280523537020079e-05,3.083505699275237e-05,1.6417860288657293e-05,1.6387375081543496e-05,99.81431680756317,3.280523537020079e-05,0.0,13.048502686470883,6.474961034918026,101.52248972778688,0.9932664115345538,397513.7858267593,345747.7722779214,51766.013548838026,0.86969393553489,True,"{""2022"": 26, ""2023"": 22, ""2024"": 30, ""2025"": 29}",2.9122304465439656e-05,3.7726513711058424e-05,1.0755939882533187e-05,2.2440549980801087e-05,55.00835741875524,165.01409960365945,4.3191657623993125,8.957533529787138,False,30,50.0,1.6666666666666667,37.25,1.2416666666666667,34.22818791946309,100.68027210884355,6,30.33217005362236,17.53024382400233,73.0276564213653,54.166666666666664,20.237520958740916,20.690950932730317
fujairah_khor_fakkan_east_coast_cluster,20,primary_cluster_context,富查伊拉—豪尔费坎组合区,late_phase,May 1–Jun 30,61,59,2,3.539108497567575e-05,3.06065228603182e-05,1.9155731999139212e-05,1.6235352976536535e-05,84.7545422814753,3.539108497567575e-05,0.0,14.070218164284576,7.572420859816859,85.80871856909533,0.9940429842984261,397824.5769455893,326411.8502771267,71412.72666846242,0.8206335151951484,True,"{""2022"": 56, ""2023"": 45, ""2024"": 59, ""2025"": 60}",2.67960165587992e-05,4.541793315179614e-05,7.018007400170275e-06,2.6494481785196672e-05,34.59214814606309,149.33858397188564,2.963595923981636,10.688933575942194,False,61,89.0,1.459016393442623,75.25,1.2336065573770492,18.272425249169444,75.67748410839746,13,28.282699104053282,18.445238546121708,53.333333333333314,43.75,29.715158982849513,30.141216266842353
fujairah_khor_fakkan_east_coast_cluster,20,primary_cluster_context,富查伊拉—豪尔费坎组合区,full_event,Mar 1–Jun 30,122,96,26,3.28948394425442e-05,2.5645934791618572e-05,2.1253405336777694e-05,1.1641434105766503e-05,54.77444165440032,3.139031662373804e-05,-4.573735103446947,12.81853619294751,8.381485532491073,52.93871406513894,0.9722334567904588,389096.2159075965,293383.59025937394,95712.62564822263,0.7523435083487096,True,"{""2022"": 112, ""2023"": 97, ""2024"": 103, ""2025"": 112}",2.297498764396853e-05,4.3148830954538015e-05,1.2573194026274726e-06,2.2357377430011316e-05,5.586143396263884,112.94635916729807,0.5036274966918908,8.544340534359613,False,122,131.0,1.0737704918032787,147.75,1.2110655737704918,-11.336717428087992,29.290732686517224,23,27.811100364865034,18.2713157896164,52.21180940165296,41.353046353217565,20.565937182700264,18.563896553167016
