utc_date,fixed_window,month_day,portwatch_current_calls,portwatch_historical_same_calendar_mean,portwatch_historical_same_calendar_min,portwatch_historical_same_calendar_max,record_type,pair_id,platform,orbit_direction,relative_orbit_number,scene_group_count,minimum_matched_historical_year_count,primary_timeline_eligible,portwatch_historical_mean_calls,portwatch_historical_min_calls,portwatch_historical_max_calls,portwatch_change_calls,portwatch_percent_change_vs_historical,sar_current_density_per_100_km2,sar_historical_matched_median_density_per_100_km2,sar_historical_matched_min_density_per_100_km2,sar_historical_matched_max_density_per_100_km2,sar_change_density_per_100_km2,sar_percent_change_vs_matched_historical,directional_mismatch_port_down_sar_up,strict_mismatch_both_outside_historical_extremes,matching_tolerance_days,window,literal_date_window,eligible_sar_dates,sar_current_median_density_per_100_km2,sar_matched_historical_median_density_per_100_km2,sar_matched_change_density_per_100_km2,sar_percent_change_vs_2026_baseline,sar_change_bootstrap_ci95_lower,sar_change_bootstrap_ci95_upper,portwatch_change_on_sar_dates_calls,portwatch_change_on_sar_dates_bootstrap_ci95_lower,portwatch_change_on_sar_dates_bootstrap_ci95_upper,directional_mismatch_fraction,directional_mismatch_fraction_bootstrap_ci95_lower,directional_mismatch_fraction_bootstrap_ci95_upper,strict_mismatch_fraction,strict_mismatch_fraction_bootstrap_ci95_lower,strict_mismatch_fraction_bootstrap_ci95_upper,bootstrap_replicates,portwatch_all_days_current_day_count,portwatch_all_days_current_total_calls,portwatch_all_days_current_mean_calls_per_day,portwatch_all_days_historical_equal_year_mean_total_calls,portwatch_all_days_historical_equal_year_mean_calls_per_day,portwatch_all_days_change_calls_per_day,portwatch_all_days_percent_change_vs_historical,portwatch_all_days_historical_year_totals_json,portwatch_all_days_historical_year_means_json,portwatch_all_days_percent_change_vs_2026_baseline,window_direction_label
2026-01-01 00:00:00+00:00,baseline,01-01,0.0,2.0,0,5,daily_port,,,,,,,,,,,,,,,,,,,,,,,,,,,,,,,,,,,,,,,,,,,,,,,,,,,
2026-01-02 00:00:00+00:00,baseline,01-02,0.0,0.5,0,2,daily_port,,,,,,,,,,,,,,,,,,,,,,,,,,,,,,,,,,,,,,,,,,,,,,,,,,,
2026-01-03 00:00:00+00:00,baseline,01-03,1.0,2.25,1,4,daily_port,,,,,,,,,,,,,,,,,,,,,,,,,,,,,,,,,,,,,,,,,,,,,,,,,,,
2026-01-04 00:00:00+00:00,baseline,01-04,1.0,1.0,0,2,daily_port,,,,,,,,,,,,,,,,,,,,,,,,,,,,,,,,,,,,,,,,,,,,,,,,,,,
2026-01-05 00:00:00+00:00,baseline,01-05,1.0,1.0,0,3,daily_port,,,,,,,,,,,,,,,,,,,,,,,,,,,,,,,,,,,,,,,,,,,,,,,,,,,
2026-01-06 00:00:00+00:00,baseline,01-06,2.0,0.75,0,2,daily_port,,,,,,,,,,,,,,,,,,,,,,,,,,,,,,,,,,,,,,,,,,,,,,,,,,,
2026-01-07 00:00:00+00:00,baseline,01-07,0.0,0.75,0,2,daily_port,,,,,,,,,,,,,,,,,,,,,,,,,,,,,,,,,,,,,,,,,,,,,,,,,,,
2026-01-08 00:00:00+00:00,baseline,01-08,0.0,0.5,0,1,daily_port,,,,,,,,,,,,,,,,,,,,,,,,,,,,,,,,,,,,,,,,,,,,,,,,,,,
2026-01-09 00:00:00+00:00,baseline,01-09,1.0,0.5,0,2,daily_port,,,,,,,,,,,,,,,,,,,,,,,,,,,,,,,,,,,,,,,,,,,,,,,,,,,
2026-01-10 00:00:00+00:00,baseline,01-10,1.0,2.0,0,6,daily_port,,,,,,,,,,,,,,,,,,,,,,,,,,,,,,,,,,,,,,,,,,,,,,,,,,,
2026-01-11 00:00:00+00:00,baseline,01-11,0.0,1.0,0,2,daily_port,,,,,,,,,,,,,,,,,,,,,,,,,,,,,,,,,,,,,,,,,,,,,,,,,,,
2026-01-12 00:00:00+00:00,baseline,01-12,0.0,1.5,0,2,daily_port,,,,,,,,,,,,,,,,,,,,,,,,,,,,,,,,,,,,,,,,,,,,,,,,,,,
2026-01-13 00:00:00+00:00,baseline,01-13,0.0,2.0,0,4,daily_port,,,,,,,,,,,,,,,,,,,,,,,,,,,,,,,,,,,,,,,,,,,,,,,,,,,
2026-01-14 00:00:00+00:00,baseline,01-14,2.0,0.5,0,1,daily_port,,,,,,,,,,,,,,,,,,,,,,,,,,,,,,,,,,,,,,,,,,,,,,,,,,,
2026-01-15 00:00:00+00:00,baseline,01-15,2.0,1.25,0,2,daily_port,,,,,,,,,,,,,,,,,,,,,,,,,,,,,,,,,,,,,,,,,,,,,,,,,,,
2026-01-16 00:00:00+00:00,baseline,01-16,0.0,0.5,0,1,daily_port,,,,,,,,,,,,,,,,,,,,,,,,,,,,,,,,,,,,,,,,,,,,,,,,,,,
2026-01-17 00:00:00+00:00,baseline,01-17,1.0,2.5,2,3,daily_port,,,,,,,,,,,,,,,,,,,,,,,,,,,,,,,,,,,,,,,,,,,,,,,,,,,
2026-01-18 00:00:00+00:00,baseline,01-18,0.0,0.5,0,1,daily_port,,,,,,,,,,,,,,,,,,,,,,,,,,,,,,,,,,,,,,,,,,,,,,,,,,,
2026-01-19 00:00:00+00:00,baseline,01-19,2.0,1.75,0,5,daily_port,,,,,,,,,,,,,,,,,,,,,,,,,,,,,,,,,,,,,,,,,,,,,,,,,,,
2026-01-20 00:00:00+00:00,baseline,01-20,0.0,2.0,0,4,daily_port,,,,,,,,,,,,,,,,,,,,,,,,,,,,,,,,,,,,,,,,,,,,,,,,,,,
2026-01-21 00:00:00+00:00,baseline,01-21,0.0,0.5,0,1,daily_port,,,,,,,,,,,,,,,,,,,,,,,,,,,,,,,,,,,,,,,,,,,,,,,,,,,
2026-01-22 00:00:00+00:00,baseline,01-22,1.0,1.0,0,3,daily_port,,,,,,,,,,,,,,,,,,,,,,,,,,,,,,,,,,,,,,,,,,,,,,,,,,,
2026-01-23 00:00:00+00:00,baseline,01-23,2.0,1.25,0,3,daily_port,,,,,,,,,,,,,,,,,,,,,,,,,,,,,,,,,,,,,,,,,,,,,,,,,,,
2026-01-24 00:00:00+00:00,baseline,01-24,2.0,1.75,0,3,daily_port,,,,,,,,,,,,,,,,,,,,,,,,,,,,,,,,,,,,,,,,,,,,,,,,,,,
2026-01-25 00:00:00+00:00,baseline,01-25,1.0,1.0,0,2,daily_port,,,,,,,,,,,,,,,,,,,,,,,,,,,,,,,,,,,,,,,,,,,,,,,,,,,
2026-01-26 00:00:00+00:00,baseline,01-26,0.0,1.75,1,3,daily_port,,,,,,,,,,,,,,,,,,,,,,,,,,,,,,,,,,,,,,,,,,,,,,,,,,,
2026-01-27 00:00:00+00:00,baseline,01-27,2.0,1.75,1,3,daily_port,,,,,,,,,,,,,,,,,,,,,,,,,,,,,,,,,,,,,,,,,,,,,,,,,,,
2026-01-28 00:00:00+00:00,baseline,01-28,1.0,1.75,1,2,daily_port,,,,,,,,,,,,,,,,,,,,,,,,,,,,,,,,,,,,,,,,,,,,,,,,,,,
2026-01-29 00:00:00+00:00,baseline,01-29,1.0,1.5,1,2,daily_port,,,,,,,,,,,,,,,,,,,,,,,,,,,,,,,,,,,,,,,,,,,,,,,,,,,
2026-01-30 00:00:00+00:00,baseline,01-30,2.0,1.25,0,2,daily_port,,,,,,,,,,,,,,,,,,,,,,,,,,,,,,,,,,,,,,,,,,,,,,,,,,,
2026-01-31 00:00:00+00:00,baseline,01-31,0.0,1.0,0,3,daily_port,,,,,,,,,,,,,,,,,,,,,,,,,,,,,,,,,,,,,,,,,,,,,,,,,,,
2026-02-01 00:00:00+00:00,baseline,02-01,0.0,2.5,1,5,daily_port,,,,,,,,,,,,,,,,,,,,,,,,,,,,,,,,,,,,,,,,,,,,,,,,,,,
2026-02-02 00:00:00+00:00,baseline,02-02,4.0,1.0,0,2,daily_port,,,,,,,,,,,,,,,,,,,,,,,,,,,,,,,,,,,,,,,,,,,,,,,,,,,
2026-02-03 00:00:00+00:00,baseline,02-03,1.0,0.75,0,2,daily_port,,,,,,,,,,,,,,,,,,,,,,,,,,,,,,,,,,,,,,,,,,,,,,,,,,,
2026-02-04 00:00:00+00:00,baseline,02-04,1.0,2.0,1,3,daily_port,,,,,,,,,,,,,,,,,,,,,,,,,,,,,,,,,,,,,,,,,,,,,,,,,,,
2026-02-05 00:00:00+00:00,baseline,02-05,0.0,2.0,1,4,daily_port,,,,,,,,,,,,,,,,,,,,,,,,,,,,,,,,,,,,,,,,,,,,,,,,,,,
2026-02-06 00:00:00+00:00,baseline,02-06,0.0,1.0,0,2,daily_port,,,,,,,,,,,,,,,,,,,,,,,,,,,,,,,,,,,,,,,,,,,,,,,,,,,
2026-02-07 00:00:00+00:00,baseline,02-07,0.0,0.5,0,1,daily_port,,,,,,,,,,,,,,,,,,,,,,,,,,,,,,,,,,,,,,,,,,,,,,,,,,,
2026-02-08 00:00:00+00:00,baseline,02-08,1.0,1.75,0,3,daily_port,,,,,,,,,,,,,,,,,,,,,,,,,,,,,,,,,,,,,,,,,,,,,,,,,,,
2026-02-09 00:00:00+00:00,baseline,02-09,0.0,1.5,0,4,daily_port,,,,,,,,,,,,,,,,,,,,,,,,,,,,,,,,,,,,,,,,,,,,,,,,,,,
2026-02-10 00:00:00+00:00,baseline,02-10,0.0,1.75,0,3,daily_port,,,,,,,,,,,,,,,,,,,,,,,,,,,,,,,,,,,,,,,,,,,,,,,,,,,
2026-02-11 00:00:00+00:00,baseline,02-11,1.0,0.5,0,1,daily_port,,,,,,,,,,,,,,,,,,,,,,,,,,,,,,,,,,,,,,,,,,,,,,,,,,,
2026-02-12 00:00:00+00:00,baseline,02-12,0.0,1.0,0,2,daily_port,,,,,,,,,,,,,,,,,,,,,,,,,,,,,,,,,,,,,,,,,,,,,,,,,,,
2026-02-13 00:00:00+00:00,baseline,02-13,0.0,2.0,1,3,daily_port,,,,,,,,,,,,,,,,,,,,,,,,,,,,,,,,,,,,,,,,,,,,,,,,,,,
2026-02-14 00:00:00+00:00,baseline,02-14,0.0,1.25,0,3,daily_port,,,,,,,,,,,,,,,,,,,,,,,,,,,,,,,,,,,,,,,,,,,,,,,,,,,
2026-02-15 00:00:00+00:00,baseline,02-15,0.0,2.0,1,3,daily_port,,,,,,,,,,,,,,,,,,,,,,,,,,,,,,,,,,,,,,,,,,,,,,,,,,,
2026-02-16 00:00:00+00:00,baseline,02-16,0.0,1.75,0,3,daily_port,,,,,,,,,,,,,,,,,,,,,,,,,,,,,,,,,,,,,,,,,,,,,,,,,,,
2026-02-17 00:00:00+00:00,baseline,02-17,2.0,0.75,0,2,daily_port,,,,,,,,,,,,,,,,,,,,,,,,,,,,,,,,,,,,,,,,,,,,,,,,,,,
2026-02-18 00:00:00+00:00,baseline,02-18,0.0,1.25,1,2,daily_port,,,,,,,,,,,,,,,,,,,,,,,,,,,,,,,,,,,,,,,,,,,,,,,,,,,
2026-02-19 00:00:00+00:00,baseline,02-19,3.0,0.5,0,1,daily_port,,,,,,,,,,,,,,,,,,,,,,,,,,,,,,,,,,,,,,,,,,,,,,,,,,,
2026-02-20 00:00:00+00:00,baseline,02-20,1.0,2.25,0,4,daily_port,,,,,,,,,,,,,,,,,,,,,,,,,,,,,,,,,,,,,,,,,,,,,,,,,,,
2026-02-21 00:00:00+00:00,baseline,02-21,1.0,0.25,0,1,daily_port,,,,,,,,,,,,,,,,,,,,,,,,,,,,,,,,,,,,,,,,,,,,,,,,,,,
2026-02-22 00:00:00+00:00,baseline,02-22,1.0,1.25,0,3,daily_port,,,,,,,,,,,,,,,,,,,,,,,,,,,,,,,,,,,,,,,,,,,,,,,,,,,
2026-02-23 00:00:00+00:00,baseline,02-23,2.0,2.0,0,4,daily_port,,,,,,,,,,,,,,,,,,,,,,,,,,,,,,,,,,,,,,,,,,,,,,,,,,,
2026-02-24 00:00:00+00:00,baseline,02-24,1.0,1.0,0,2,daily_port,,,,,,,,,,,,,,,,,,,,,,,,,,,,,,,,,,,,,,,,,,,,,,,,,,,
2026-02-25 00:00:00+00:00,baseline,02-25,0.0,1.75,0,4,daily_port,,,,,,,,,,,,,,,,,,,,,,,,,,,,,,,,,,,,,,,,,,,,,,,,,,,
2026-02-26 00:00:00+00:00,baseline,02-26,1.0,1.0,0,2,daily_port,,,,,,,,,,,,,,,,,,,,,,,,,,,,,,,,,,,,,,,,,,,,,,,,,,,
2026-02-27 00:00:00+00:00,baseline,02-27,3.0,1.0,0,2,daily_port,,,,,,,,,,,,,,,,,,,,,,,,,,,,,,,,,,,,,,,,,,,,,,,,,,,
2026-02-28 00:00:00+00:00,baseline,02-28,0.0,1.5,0,2,daily_port,,,,,,,,,,,,,,,,,,,,,,,,,,,,,,,,,,,,,,,,,,,,,,,,,,,
2026-03-01 00:00:00+00:00,early,03-01,2.0,1.0,0,2,daily_port,,,,,,,,,,,,,,,,,,,,,,,,,,,,,,,,,,,,,,,,,,,,,,,,,,,
2026-03-02 00:00:00+00:00,early,03-02,2.0,1.0,0,2,daily_port,,,,,,,,,,,,,,,,,,,,,,,,,,,,,,,,,,,,,,,,,,,,,,,,,,,
2026-03-03 00:00:00+00:00,early,03-03,0.0,0.75,0,1,daily_port,,,,,,,,,,,,,,,,,,,,,,,,,,,,,,,,,,,,,,,,,,,,,,,,,,,
2026-03-04 00:00:00+00:00,early,03-04,0.0,1.75,1,2,daily_port,,,,,,,,,,,,,,,,,,,,,,,,,,,,,,,,,,,,,,,,,,,,,,,,,,,
2026-03-05 00:00:00+00:00,early,03-05,0.0,1.0,1,1,daily_port,,,,,,,,,,,,,,,,,,,,,,,,,,,,,,,,,,,,,,,,,,,,,,,,,,,
2026-03-06 00:00:00+00:00,early,03-06,0.0,0.5,0,1,daily_port,,,,,,,,,,,,,,,,,,,,,,,,,,,,,,,,,,,,,,,,,,,,,,,,,,,
2026-03-07 00:00:00+00:00,early,03-07,0.0,1.75,0,3,daily_port,,,,,,,,,,,,,,,,,,,,,,,,,,,,,,,,,,,,,,,,,,,,,,,,,,,
2026-03-08 00:00:00+00:00,early,03-08,0.0,0.75,0,2,daily_port,,,,,,,,,,,,,,,,,,,,,,,,,,,,,,,,,,,,,,,,,,,,,,,,,,,
2026-03-09 00:00:00+00:00,early,03-09,0.0,1.5,1,2,daily_port,,,,,,,,,,,,,,,,,,,,,,,,,,,,,,,,,,,,,,,,,,,,,,,,,,,
2026-03-10 00:00:00+00:00,early,03-10,0.0,1.0,0,3,daily_port,,,,,,,,,,,,,,,,,,,,,,,,,,,,,,,,,,,,,,,,,,,,,,,,,,,
2026-03-11 00:00:00+00:00,early,03-11,0.0,2.0,0,5,daily_port,,,,,,,,,,,,,,,,,,,,,,,,,,,,,,,,,,,,,,,,,,,,,,,,,,,
2026-03-12 00:00:00+00:00,early,03-12,2.0,1.0,0,3,daily_port,,,,,,,,,,,,,,,,,,,,,,,,,,,,,,,,,,,,,,,,,,,,,,,,,,,
2026-03-13 00:00:00+00:00,early,03-13,0.0,0.75,0,2,daily_port,,,,,,,,,,,,,,,,,,,,,,,,,,,,,,,,,,,,,,,,,,,,,,,,,,,
2026-03-14 00:00:00+00:00,early,03-14,2.0,1.5,1,2,daily_port,,,,,,,,,,,,,,,,,,,,,,,,,,,,,,,,,,,,,,,,,,,,,,,,,,,
2026-03-15 00:00:00+00:00,F1,03-15,0.0,1.75,0,3,daily_port,,,,,,,,,,,,,,,,,,,,,,,,,,,,,,,,,,,,,,,,,,,,,,,,,,,
2026-03-16 00:00:00+00:00,F1,03-16,1.0,1.0,0,2,daily_port,,,,,,,,,,,,,,,,,,,,,,,,,,,,,,,,,,,,,,,,,,,,,,,,,,,
2026-03-17 00:00:00+00:00,F1,03-17,0.0,0.75,0,1,daily_port,,,,,,,,,,,,,,,,,,,,,,,,,,,,,,,,,,,,,,,,,,,,,,,,,,,
2026-03-18 00:00:00+00:00,F1,03-18,0.0,1.5,1,2,daily_port,,,,,,,,,,,,,,,,,,,,,,,,,,,,,,,,,,,,,,,,,,,,,,,,,,,
2026-03-19 00:00:00+00:00,F1,03-19,0.0,0.75,0,1,daily_port,,,,,,,,,,,,,,,,,,,,,,,,,,,,,,,,,,,,,,,,,,,,,,,,,,,
2026-03-20 00:00:00+00:00,F1,03-20,0.0,1.75,1,2,daily_port,,,,,,,,,,,,,,,,,,,,,,,,,,,,,,,,,,,,,,,,,,,,,,,,,,,
2026-03-21 00:00:00+00:00,F1,03-21,0.0,1.25,0,3,daily_port,,,,,,,,,,,,,,,,,,,,,,,,,,,,,,,,,,,,,,,,,,,,,,,,,,,
2026-03-22 00:00:00+00:00,F1,03-22,0.0,1.25,0,2,daily_port,,,,,,,,,,,,,,,,,,,,,,,,,,,,,,,,,,,,,,,,,,,,,,,,,,,
2026-03-23 00:00:00+00:00,F1,03-23,0.0,0.75,0,1,daily_port,,,,,,,,,,,,,,,,,,,,,,,,,,,,,,,,,,,,,,,,,,,,,,,,,,,
2026-03-24 00:00:00+00:00,F1,03-24,0.0,1.0,0,3,daily_port,,,,,,,,,,,,,,,,,,,,,,,,,,,,,,,,,,,,,,,,,,,,,,,,,,,
2026-03-25 00:00:00+00:00,F1,03-25,0.0,1.5,0,3,daily_port,,,,,,,,,,,,,,,,,,,,,,,,,,,,,,,,,,,,,,,,,,,,,,,,,,,
2026-03-26 00:00:00+00:00,F1,03-26,1.0,1.25,0,3,daily_port,,,,,,,,,,,,,,,,,,,,,,,,,,,,,,,,,,,,,,,,,,,,,,,,,,,
2026-03-27 00:00:00+00:00,F1,03-27,0.0,1.0,0,2,daily_port,,,,,,,,,,,,,,,,,,,,,,,,,,,,,,,,,,,,,,,,,,,,,,,,,,,
2026-03-28 00:00:00+00:00,F1,03-28,1.0,0.75,0,1,daily_port,,,,,,,,,,,,,,,,,,,,,,,,,,,,,,,,,,,,,,,,,,,,,,,,,,,
2026-03-29 00:00:00+00:00,F2,03-29,1.0,0.5,0,2,daily_port,,,,,,,,,,,,,,,,,,,,,,,,,,,,,,,,,,,,,,,,,,,,,,,,,,,
2026-03-30 00:00:00+00:00,F2,03-30,1.0,3.25,0,9,daily_port,,,,,,,,,,,,,,,,,,,,,,,,,,,,,,,,,,,,,,,,,,,,,,,,,,,
2026-03-31 00:00:00+00:00,F2,03-31,0.0,1.25,1,2,daily_port,,,,,,,,,,,,,,,,,,,,,,,,,,,,,,,,,,,,,,,,,,,,,,,,,,,
2026-04-01 00:00:00+00:00,F2,04-01,0.0,1.25,0,3,daily_port,,,,,,,,,,,,,,,,,,,,,,,,,,,,,,,,,,,,,,,,,,,,,,,,,,,
2026-04-02 00:00:00+00:00,F2,04-02,1.0,1.0,0,3,daily_port,,,,,,,,,,,,,,,,,,,,,,,,,,,,,,,,,,,,,,,,,,,,,,,,,,,
2026-04-03 00:00:00+00:00,F2,04-03,0.0,1.0,0,3,daily_port,,,,,,,,,,,,,,,,,,,,,,,,,,,,,,,,,,,,,,,,,,,,,,,,,,,
2026-04-04 00:00:00+00:00,F2,04-04,1.0,1.5,1,2,daily_port,,,,,,,,,,,,,,,,,,,,,,,,,,,,,,,,,,,,,,,,,,,,,,,,,,,
2026-04-05 00:00:00+00:00,F2,04-05,1.0,1.0,0,2,daily_port,,,,,,,,,,,,,,,,,,,,,,,,,,,,,,,,,,,,,,,,,,,,,,,,,,,
2026-04-06 00:00:00+00:00,F2,04-06,0.0,1.5,1,2,daily_port,,,,,,,,,,,,,,,,,,,,,,,,,,,,,,,,,,,,,,,,,,,,,,,,,,,
2026-04-07 00:00:00+00:00,F2,04-07,0.0,1.5,0,3,daily_port,,,,,,,,,,,,,,,,,,,,,,,,,,,,,,,,,,,,,,,,,,,,,,,,,,,
2026-04-08 00:00:00+00:00,F2,04-08,3.0,1.5,0,3,daily_port,,,,,,,,,,,,,,,,,,,,,,,,,,,,,,,,,,,,,,,,,,,,,,,,,,,
2026-04-09 00:00:00+00:00,F2,04-09,0.0,1.25,0,2,daily_port,,,,,,,,,,,,,,,,,,,,,,,,,,,,,,,,,,,,,,,,,,,,,,,,,,,
2026-04-10 00:00:00+00:00,F2,04-10,1.0,0.75,0,2,daily_port,,,,,,,,,,,,,,,,,,,,,,,,,,,,,,,,,,,,,,,,,,,,,,,,,,,
2026-04-11 00:00:00+00:00,F2,04-11,2.0,1.0,0,2,daily_port,,,,,,,,,,,,,,,,,,,,,,,,,,,,,,,,,,,,,,,,,,,,,,,,,,,
2026-04-12 00:00:00+00:00,F3,04-12,1.0,2.25,1,4,daily_port,,,,,,,,,,,,,,,,,,,,,,,,,,,,,,,,,,,,,,,,,,,,,,,,,,,
2026-04-13 00:00:00+00:00,F3,04-13,1.0,0.75,0,2,daily_port,,,,,,,,,,,,,,,,,,,,,,,,,,,,,,,,,,,,,,,,,,,,,,,,,,,
2026-04-14 00:00:00+00:00,F3,04-14,0.0,1.75,1,2,daily_port,,,,,,,,,,,,,,,,,,,,,,,,,,,,,,,,,,,,,,,,,,,,,,,,,,,
2026-04-15 00:00:00+00:00,F3,04-15,0.0,1.75,1,2,daily_port,,,,,,,,,,,,,,,,,,,,,,,,,,,,,,,,,,,,,,,,,,,,,,,,,,,
2026-04-16 00:00:00+00:00,F3,04-16,1.0,1.0,0,2,daily_port,,,,,,,,,,,,,,,,,,,,,,,,,,,,,,,,,,,,,,,,,,,,,,,,,,,
2026-04-17 00:00:00+00:00,F3,04-17,0.0,0.75,0,2,daily_port,,,,,,,,,,,,,,,,,,,,,,,,,,,,,,,,,,,,,,,,,,,,,,,,,,,
2026-04-18 00:00:00+00:00,F3,04-18,1.0,0.5,0,1,daily_port,,,,,,,,,,,,,,,,,,,,,,,,,,,,,,,,,,,,,,,,,,,,,,,,,,,
2026-04-19 00:00:00+00:00,F3,04-19,1.0,1.5,0,3,daily_port,,,,,,,,,,,,,,,,,,,,,,,,,,,,,,,,,,,,,,,,,,,,,,,,,,,
2026-04-20 00:00:00+00:00,F3,04-20,3.0,1.0,0,2,daily_port,,,,,,,,,,,,,,,,,,,,,,,,,,,,,,,,,,,,,,,,,,,,,,,,,,,
2026-04-21 00:00:00+00:00,F3,04-21,0.0,1.0,1,1,daily_port,,,,,,,,,,,,,,,,,,,,,,,,,,,,,,,,,,,,,,,,,,,,,,,,,,,
2026-04-22 00:00:00+00:00,F3,04-22,1.0,0.75,0,3,daily_port,,,,,,,,,,,,,,,,,,,,,,,,,,,,,,,,,,,,,,,,,,,,,,,,,,,
2026-04-23 00:00:00+00:00,F3,04-23,1.0,0.75,0,2,daily_port,,,,,,,,,,,,,,,,,,,,,,,,,,,,,,,,,,,,,,,,,,,,,,,,,,,
2026-04-24 00:00:00+00:00,F3,04-24,2.0,1.5,1,2,daily_port,,,,,,,,,,,,,,,,,,,,,,,,,,,,,,,,,,,,,,,,,,,,,,,,,,,
2026-04-25 00:00:00+00:00,F3,04-25,1.0,1.25,0,3,daily_port,,,,,,,,,,,,,,,,,,,,,,,,,,,,,,,,,,,,,,,,,,,,,,,,,,,
2026-04-26 00:00:00+00:00,F4_tail,04-26,2.0,0.75,0,2,daily_port,,,,,,,,,,,,,,,,,,,,,,,,,,,,,,,,,,,,,,,,,,,,,,,,,,,
2026-04-27 00:00:00+00:00,F4_tail,04-27,1.0,0.75,0,3,daily_port,,,,,,,,,,,,,,,,,,,,,,,,,,,,,,,,,,,,,,,,,,,,,,,,,,,
2026-04-28 00:00:00+00:00,F4_tail,04-28,1.0,1.5,0,4,daily_port,,,,,,,,,,,,,,,,,,,,,,,,,,,,,,,,,,,,,,,,,,,,,,,,,,,
2026-04-29 00:00:00+00:00,F4_tail,04-29,2.0,1.25,0,3,daily_port,,,,,,,,,,,,,,,,,,,,,,,,,,,,,,,,,,,,,,,,,,,,,,,,,,,
2026-04-30 00:00:00+00:00,F4_tail,04-30,1.0,1.0,0,2,daily_port,,,,,,,,,,,,,,,,,,,,,,,,,,,,,,,,,,,,,,,,,,,,,,,,,,,
2026-05-01 00:00:00+00:00,May,05-01,2.0,0.5,0,1,daily_port,,,,,,,,,,,,,,,,,,,,,,,,,,,,,,,,,,,,,,,,,,,,,,,,,,,
2026-05-02 00:00:00+00:00,May,05-02,3.0,0.5,0,1,daily_port,,,,,,,,,,,,,,,,,,,,,,,,,,,,,,,,,,,,,,,,,,,,,,,,,,,
2026-05-03 00:00:00+00:00,May,05-03,1.0,1.75,0,4,daily_port,,,,,,,,,,,,,,,,,,,,,,,,,,,,,,,,,,,,,,,,,,,,,,,,,,,
2026-05-04 00:00:00+00:00,May,05-04,0.0,0.5,0,1,daily_port,,,,,,,,,,,,,,,,,,,,,,,,,,,,,,,,,,,,,,,,,,,,,,,,,,,
2026-05-05 00:00:00+00:00,May,05-05,1.0,1.5,0,5,daily_port,,,,,,,,,,,,,,,,,,,,,,,,,,,,,,,,,,,,,,,,,,,,,,,,,,,
2026-05-06 00:00:00+00:00,May,05-06,1.0,1.25,1,2,daily_port,,,,,,,,,,,,,,,,,,,,,,,,,,,,,,,,,,,,,,,,,,,,,,,,,,,
2026-05-07 00:00:00+00:00,May,05-07,2.0,1.25,0,2,daily_port,,,,,,,,,,,,,,,,,,,,,,,,,,,,,,,,,,,,,,,,,,,,,,,,,,,
2026-05-08 00:00:00+00:00,May,05-08,3.0,1.75,0,3,daily_port,,,,,,,,,,,,,,,,,,,,,,,,,,,,,,,,,,,,,,,,,,,,,,,,,,,
2026-05-09 00:00:00+00:00,May,05-09,0.0,1.0,0,2,daily_port,,,,,,,,,,,,,,,,,,,,,,,,,,,,,,,,,,,,,,,,,,,,,,,,,,,
2026-05-10 00:00:00+00:00,May,05-10,2.0,1.0,0,3,daily_port,,,,,,,,,,,,,,,,,,,,,,,,,,,,,,,,,,,,,,,,,,,,,,,,,,,
2026-05-11 00:00:00+00:00,May,05-11,2.0,2.0,0,3,daily_port,,,,,,,,,,,,,,,,,,,,,,,,,,,,,,,,,,,,,,,,,,,,,,,,,,,
2026-05-12 00:00:00+00:00,May,05-12,0.0,0.5,0,1,daily_port,,,,,,,,,,,,,,,,,,,,,,,,,,,,,,,,,,,,,,,,,,,,,,,,,,,
2026-05-13 00:00:00+00:00,May,05-13,3.0,1.0,0,2,daily_port,,,,,,,,,,,,,,,,,,,,,,,,,,,,,,,,,,,,,,,,,,,,,,,,,,,
2026-05-14 00:00:00+00:00,May,05-14,3.0,1.0,0,2,daily_port,,,,,,,,,,,,,,,,,,,,,,,,,,,,,,,,,,,,,,,,,,,,,,,,,,,
2026-05-15 00:00:00+00:00,May,05-15,1.0,1.75,0,4,daily_port,,,,,,,,,,,,,,,,,,,,,,,,,,,,,,,,,,,,,,,,,,,,,,,,,,,
2026-05-16 00:00:00+00:00,May,05-16,1.0,3.0,0,7,daily_port,,,,,,,,,,,,,,,,,,,,,,,,,,,,,,,,,,,,,,,,,,,,,,,,,,,
2026-05-17 00:00:00+00:00,May,05-17,2.0,0.0,0,0,daily_port,,,,,,,,,,,,,,,,,,,,,,,,,,,,,,,,,,,,,,,,,,,,,,,,,,,
2026-05-18 00:00:00+00:00,May,05-18,0.0,0.75,0,2,daily_port,,,,,,,,,,,,,,,,,,,,,,,,,,,,,,,,,,,,,,,,,,,,,,,,,,,
2026-05-19 00:00:00+00:00,May,05-19,1.0,1.25,0,2,daily_port,,,,,,,,,,,,,,,,,,,,,,,,,,,,,,,,,,,,,,,,,,,,,,,,,,,
2026-05-20 00:00:00+00:00,May,05-20,1.0,0.75,0,1,daily_port,,,,,,,,,,,,,,,,,,,,,,,,,,,,,,,,,,,,,,,,,,,,,,,,,,,
2026-05-21 00:00:00+00:00,May,05-21,0.0,0.75,0,1,daily_port,,,,,,,,,,,,,,,,,,,,,,,,,,,,,,,,,,,,,,,,,,,,,,,,,,,
2026-05-22 00:00:00+00:00,May,05-22,0.0,1.0,0,3,daily_port,,,,,,,,,,,,,,,,,,,,,,,,,,,,,,,,,,,,,,,,,,,,,,,,,,,
2026-05-23 00:00:00+00:00,May,05-23,4.0,2.0,1,3,daily_port,,,,,,,,,,,,,,,,,,,,,,,,,,,,,,,,,,,,,,,,,,,,,,,,,,,
2026-05-24 00:00:00+00:00,May,05-24,1.0,1.25,0,2,daily_port,,,,,,,,,,,,,,,,,,,,,,,,,,,,,,,,,,,,,,,,,,,,,,,,,,,
2026-05-25 00:00:00+00:00,May,05-25,0.0,1.0,0,2,daily_port,,,,,,,,,,,,,,,,,,,,,,,,,,,,,,,,,,,,,,,,,,,,,,,,,,,
2026-05-26 00:00:00+00:00,May,05-26,2.0,2.25,1,4,daily_port,,,,,,,,,,,,,,,,,,,,,,,,,,,,,,,,,,,,,,,,,,,,,,,,,,,
2026-05-27 00:00:00+00:00,May,05-27,1.0,1.0,0,2,daily_port,,,,,,,,,,,,,,,,,,,,,,,,,,,,,,,,,,,,,,,,,,,,,,,,,,,
2026-05-28 00:00:00+00:00,May,05-28,1.0,1.0,1,1,daily_port,,,,,,,,,,,,,,,,,,,,,,,,,,,,,,,,,,,,,,,,,,,,,,,,,,,
2026-05-29 00:00:00+00:00,May,05-29,0.0,2.25,0,4,daily_port,,,,,,,,,,,,,,,,,,,,,,,,,,,,,,,,,,,,,,,,,,,,,,,,,,,
2026-05-30 00:00:00+00:00,May,05-30,0.0,1.5,0,4,daily_port,,,,,,,,,,,,,,,,,,,,,,,,,,,,,,,,,,,,,,,,,,,,,,,,,,,
2026-05-31 00:00:00+00:00,May,05-31,1.0,1.0,0,2,daily_port,,,,,,,,,,,,,,,,,,,,,,,,,,,,,,,,,,,,,,,,,,,,,,,,,,,
2026-06-01 00:00:00+00:00,June,06-01,1.0,1.5,1,2,daily_port,,,,,,,,,,,,,,,,,,,,,,,,,,,,,,,,,,,,,,,,,,,,,,,,,,,
2026-06-02 00:00:00+00:00,June,06-02,4.0,1.5,0,4,daily_port,,,,,,,,,,,,,,,,,,,,,,,,,,,,,,,,,,,,,,,,,,,,,,,,,,,
2026-06-03 00:00:00+00:00,June,06-03,2.0,1.75,0,5,daily_port,,,,,,,,,,,,,,,,,,,,,,,,,,,,,,,,,,,,,,,,,,,,,,,,,,,
2026-06-04 00:00:00+00:00,June,06-04,2.0,1.25,1,2,daily_port,,,,,,,,,,,,,,,,,,,,,,,,,,,,,,,,,,,,,,,,,,,,,,,,,,,
2026-06-05 00:00:00+00:00,June,06-05,1.0,1.0,0,2,daily_port,,,,,,,,,,,,,,,,,,,,,,,,,,,,,,,,,,,,,,,,,,,,,,,,,,,
2026-06-06 00:00:00+00:00,June,06-06,1.0,1.25,0,2,daily_port,,,,,,,,,,,,,,,,,,,,,,,,,,,,,,,,,,,,,,,,,,,,,,,,,,,
2026-06-07 00:00:00+00:00,June,06-07,1.0,1.25,0,2,daily_port,,,,,,,,,,,,,,,,,,,,,,,,,,,,,,,,,,,,,,,,,,,,,,,,,,,
2026-06-08 00:00:00+00:00,June,06-08,3.0,0.75,0,1,daily_port,,,,,,,,,,,,,,,,,,,,,,,,,,,,,,,,,,,,,,,,,,,,,,,,,,,
2026-06-09 00:00:00+00:00,June,06-09,0.0,1.25,0,2,daily_port,,,,,,,,,,,,,,,,,,,,,,,,,,,,,,,,,,,,,,,,,,,,,,,,,,,
2026-06-10 00:00:00+00:00,June,06-10,3.0,1.0,1,1,daily_port,,,,,,,,,,,,,,,,,,,,,,,,,,,,,,,,,,,,,,,,,,,,,,,,,,,
2026-06-11 00:00:00+00:00,June,06-11,3.0,1.0,0,3,daily_port,,,,,,,,,,,,,,,,,,,,,,,,,,,,,,,,,,,,,,,,,,,,,,,,,,,
2026-06-12 00:00:00+00:00,June,06-12,2.0,1.0,0,2,daily_port,,,,,,,,,,,,,,,,,,,,,,,,,,,,,,,,,,,,,,,,,,,,,,,,,,,
2026-06-13 00:00:00+00:00,June,06-13,0.0,1.75,0,3,daily_port,,,,,,,,,,,,,,,,,,,,,,,,,,,,,,,,,,,,,,,,,,,,,,,,,,,
2026-06-14 00:00:00+00:00,June,06-14,1.0,0.5,0,2,daily_port,,,,,,,,,,,,,,,,,,,,,,,,,,,,,,,,,,,,,,,,,,,,,,,,,,,
2026-06-15 00:00:00+00:00,June,06-15,0.0,1.75,0,4,daily_port,,,,,,,,,,,,,,,,,,,,,,,,,,,,,,,,,,,,,,,,,,,,,,,,,,,
2026-06-16 00:00:00+00:00,June,06-16,3.0,1.25,0,2,daily_port,,,,,,,,,,,,,,,,,,,,,,,,,,,,,,,,,,,,,,,,,,,,,,,,,,,
2026-06-17 00:00:00+00:00,June,06-17,0.0,1.5,0,4,daily_port,,,,,,,,,,,,,,,,,,,,,,,,,,,,,,,,,,,,,,,,,,,,,,,,,,,
2026-06-18 00:00:00+00:00,June,06-18,3.0,1.25,0,3,daily_port,,,,,,,,,,,,,,,,,,,,,,,,,,,,,,,,,,,,,,,,,,,,,,,,,,,
2026-06-19 00:00:00+00:00,June,06-19,0.0,1.25,1,2,daily_port,,,,,,,,,,,,,,,,,,,,,,,,,,,,,,,,,,,,,,,,,,,,,,,,,,,
2026-06-20 00:00:00+00:00,June,06-20,0.0,1.0,0,2,daily_port,,,,,,,,,,,,,,,,,,,,,,,,,,,,,,,,,,,,,,,,,,,,,,,,,,,
2026-06-21 00:00:00+00:00,June,06-21,2.0,1.5,1,2,daily_port,,,,,,,,,,,,,,,,,,,,,,,,,,,,,,,,,,,,,,,,,,,,,,,,,,,
2026-06-22 00:00:00+00:00,June,06-22,2.0,1.0,0,2,daily_port,,,,,,,,,,,,,,,,,,,,,,,,,,,,,,,,,,,,,,,,,,,,,,,,,,,
2026-06-23 00:00:00+00:00,June,06-23,2.0,0.75,0,2,daily_port,,,,,,,,,,,,,,,,,,,,,,,,,,,,,,,,,,,,,,,,,,,,,,,,,,,
2026-06-24 00:00:00+00:00,June,06-24,1.0,1.0,0,2,daily_port,,,,,,,,,,,,,,,,,,,,,,,,,,,,,,,,,,,,,,,,,,,,,,,,,,,
2026-06-25 00:00:00+00:00,June,06-25,3.0,2.0,0,3,daily_port,,,,,,,,,,,,,,,,,,,,,,,,,,,,,,,,,,,,,,,,,,,,,,,,,,,
2026-06-26 00:00:00+00:00,June,06-26,2.0,1.25,0,3,daily_port,,,,,,,,,,,,,,,,,,,,,,,,,,,,,,,,,,,,,,,,,,,,,,,,,,,
2026-06-27 00:00:00+00:00,June,06-27,1.0,1.75,0,3,daily_port,,,,,,,,,,,,,,,,,,,,,,,,,,,,,,,,,,,,,,,,,,,,,,,,,,,
2026-06-28 00:00:00+00:00,June,06-28,2.0,0.5,0,1,daily_port,,,,,,,,,,,,,,,,,,,,,,,,,,,,,,,,,,,,,,,,,,,,,,,,,,,
2026-06-29 00:00:00+00:00,June,06-29,1.0,1.75,1,3,daily_port,,,,,,,,,,,,,,,,,,,,,,,,,,,,,,,,,,,,,,,,,,,,,,,,,,,
2026-06-30 00:00:00+00:00,June,06-30,4.0,1.0,0,2,daily_port,,,,,,,,,,,,,,,,,,,,,,,,,,,,,,,,,,,,,,,,,,,,,,,,,,,
2026-01-03 00:00:00+00:00,baseline,,1.0,,,,sar_date_timeline,khor_fakkan_pair,S1A,ASCENDING,57,1.0,3.0,True,2.25,1.0,4.0,-1.25,-55.55555555555556,20.49470949569078,18.445238546121708,14.756190836897364,20.084815305776967,2.0494709495690735,11.111111111111082,True,False,8.0,,,,,,,,,,,,,,,,,,,,,,,,,,,,,,
2026-01-06 00:00:00+00:00,baseline,,2.0,,,,sar_date_timeline,khor_fakkan_pair,S1A,DESCENDING,93,1.0,4.0,True,0.75,0.0,2.0,1.25,166.66666666666666,22.54418044525986,18.85513273603552,16.80566178646644,21.72439206543223,3.68904770922434,19.56521739130434,False,False,8.0,,,,,,,,,,,,,,,,,,,,,,,,,,,,,,
2026-01-11 00:00:00+00:00,baseline,,0.0,,,,sar_date_timeline,khor_fakkan_pair,S1A,DESCENDING,166,1.0,4.0,True,1.0,0.0,2.0,-1.0,-100.0,18.2608832789242,17.63206403444859,14.936395847681954,20.75431129308491,0.6288192444756113,3.5663393874197467,True,False,8.0,,,,,,,,,,,,,,,,,,,,,,,,,,,,,,
2026-01-15 00:00:00+00:00,baseline,,2.0,,,,sar_date_timeline,khor_fakkan_pair,S1A,ASCENDING,57,1.0,4.0,True,1.25,0.0,2.0,0.75,60.0,17.625450166294073,14.756190836897364,5.328624468879604,18.03534435620789,2.8692593293967086,19.44444444444444,False,False,8.0,,,,,,,,,,,,,,,,,,,,,,,,,,,,,,
2026-01-18 00:00:00+00:00,baseline,,0.0,,,,sar_date_timeline,khor_fakkan_pair,S1A,DESCENDING,93,1.0,4.0,True,0.5,0.0,1.0,-0.5,-100.0,19.674921115863153,14.756190836897364,11.477037317586838,18.445238546121708,4.918730278965789,33.33333333333334,True,False,8.0,,,,,,,,,,,,,,,,,,,,,,,,,,,,,,
2026-01-23 00:00:00+00:00,baseline,,2.0,,,,sar_date_timeline,khor_fakkan_pair,S1A,DESCENDING,166,1.0,4.0,True,1.25,0.0,3.0,0.75,60.0,24.8926091354216,15.976624996331275,12.445850180174425,19.93108826233298,8.915984139090327,55.80643058929975,False,False,8.0,,,,,,,,,,,,,,,,,,,,,,,,,,,,,,
2026-01-27 00:00:00+00:00,baseline,,2.0,,,,sar_date_timeline,khor_fakkan_pair,S1A,ASCENDING,57,1.0,4.0,True,1.75,1.0,3.0,0.25,14.285714285714286,18.03534435620789,17.420503071337166,4.918730278965788,19.674921115863153,0.6148412848707245,3.5294117647058885,False,False,8.0,,,,,,,,,,,,,,,,,,,,,,,,,,,,,,
2026-01-30 00:00:00+00:00,baseline,,2.0,,,,sar_date_timeline,khor_fakkan_pair,S1A,DESCENDING,93,1.0,4.0,True,1.25,0.0,2.0,0.75,60.0,19.674921115863153,15.166085026811178,12.706719887328285,25.41343977465657,4.508836089051975,29.729729729729755,False,False,8.0,,,,,,,,,,,,,,,,,,,,,,,,,,,,,,
2026-02-04 00:00:00+00:00,baseline,,1.0,,,,sar_date_timeline,khor_fakkan_pair,S1A,DESCENDING,166,1.0,4.0,True,2.0,1.0,3.0,-1.0,-50.0,19.513993609374687,16.604092061395455,13.689526516612863,20.74772304113485,2.9099015479792314,17.52520726348391,True,False,8.0,,,,,,,,,,,,,,,,,,,,,,,,,,,,,,
2026-02-08 00:00:00+00:00,baseline,,1.0,,,,sar_date_timeline,khor_fakkan_pair,S1A,ASCENDING,57,1.0,4.0,True,1.75,0.0,3.0,-0.75,-42.857142857142854,18.445238546121708,21.314497875518416,8.197883798276314,22.134286255346048,-2.8692593293967086,-13.461538461538456,False,False,8.0,,,,,,,,,,,,,,,,,,,,,,,,,,,,,,
2026-02-11 00:00:00+00:00,baseline,,1.0,,,,sar_date_timeline,khor_fakkan_pair,S1A,DESCENDING,93,1.0,4.0,True,0.5,0.0,1.0,0.5,100.0,20.49470949569078,18.240291451164797,13.936402457069732,23.363968825087493,2.254418044525984,12.359550561797741,False,False,8.0,,,,,,,,,,,,,,,,,,,,,,,,,,,,,,
2026-02-16 00:00:00+00:00,baseline,,0.0,,,,sar_date_timeline,khor_fakkan_pair,S1A,DESCENDING,166,1.0,4.0,True,1.75,0.0,3.0,-1.75,-100.0,19.094489496370386,14.317912697191202,9.544934855819609,21.161342790932157,4.776576799179184,33.3608459570802,True,False,8.0,,,,,,,,,,,,,,,,,,,,,,,,,,,,,,
2026-02-20 00:00:00+00:00,baseline,,1.0,,,,sar_date_timeline,khor_fakkan_pair,S1A,ASCENDING,57,1.0,4.0,True,2.25,0.0,4.0,-1.25,-55.55555555555556,20.49470949569078,17.420503071337166,5.738518658793419,18.03534435620789,3.0742064243536156,17.647058823529402,True,False,8.0,,,,,,,,,,,,,,,,,,,,,,,,,,,,,,
2026-02-23 00:00:00+00:00,baseline,,2.0,,,,sar_date_timeline,khor_fakkan_pair,S1A,DESCENDING,93,1.0,4.0,True,2.0,0.0,4.0,0.0,0.0,20.084815305776967,16.190820501595717,14.346296646983546,22.54418044525986,3.8939948041812507,24.05063291139242,False,False,8.0,,,,,,,,,,,,,,,,,,,,,,,,,,,,,,
2026-02-28 00:00:00+00:00,baseline,,0.0,,,,sar_date_timeline,khor_fakkan_pair,S1A,DESCENDING,166,1.0,2.0,False,1.5,0.0,2.0,-1.5,-100.0,19.504065560219008,14.945775518337397,12.03511264865439,17.856438388020404,4.558290041881611,30.49885257736485,True,False,8.0,,,,,,,,,,,,,,,,,,,,,,,,,,,,,,
2026-03-04 00:00:00+00:00,early,,0.0,,,,sar_date_timeline,khor_fakkan_pair,S1A,ASCENDING,57,1.0,4.0,True,1.75,1.0,2.0,-1.75,-100.0,27.462910724225647,18.240291451164797,12.29682569741447,22.134286255346048,9.22261927306085,50.56179775280898,True,True,8.0,,,,,,,,,,,,,,,,,,,,,,,,,,,,,,
2026-03-07 00:00:00+00:00,early,,0.0,,,,sar_date_timeline,khor_fakkan_pair,S1A,DESCENDING,93,1.0,4.0,True,1.75,0.0,3.0,-1.75,-100.0,34.84100614267433,20.494709495690785,12.706719887328285,21.314497875518416,14.346296646983546,69.99999999999999,True,False,8.0,,,,,,,,,,,,,,,,,,,,,,,,,,,,,,
2026-03-12 00:00:00+00:00,early,,2.0,,,,sar_date_timeline,khor_fakkan_pair,S1A,DESCENDING,166,1.0,4.0,True,1.0,0.0,3.0,1.0,100.0,27.811100364865034,14.527153114134208,13.693429021355524,20.759619384834348,13.283947250730826,91.44219205486446,False,False,8.0,,,,,,,,,,,,,,,,,,,,,,,,,,,,,,
2026-03-16 00:00:00+00:00,F1,,1.0,,,,sar_date_timeline,khor_fakkan_pair,S1A,ASCENDING,57,1.0,2.0,False,1.0,0.0,2.0,0.0,0.0,25.823333964570388,19.06007983099243,18.03534435620789,20.084815305776967,6.763254133577959,35.483870967741936,False,False,8.0,,,,,,,,,,,,,,,,,,,,,,,,,,,,,,
2026-03-19 00:00:00+00:00,F1,,0.0,,,,sar_date_timeline,khor_fakkan_pair,S1A,DESCENDING,93,1.0,4.0,True,0.75,0.0,1.0,-0.75,-100.0,32.791535193105254,18.445238546121704,12.29682569741447,22.54418044525986,14.34629664698355,77.7777777777778,True,False,8.0,,,,,,,,,,,,,,,,,,,,,,,,,,,,,,
2026-03-24 00:00:00+00:00,F1,,0.0,,,,sar_date_timeline,khor_fakkan_pair,S1A,DESCENDING,166,1.0,4.0,True,1.0,0.0,3.0,-1.0,-100.0,27.81133124955896,14.740444174553705,11.210627342554005,19.099682488539152,13.070887075005256,88.67363099932503,True,False,8.0,,,,,,,,,,,,,,,,,,,,,,,,,,,,,,
2026-03-28 00:00:00+00:00,F1,,1.0,,,,sar_date_timeline,khor_fakkan_pair,S1A,ASCENDING,57,1.0,2.0,False,0.75,0.0,1.0,0.25,33.333333333333336,26.233228154484202,14.551243741940457,11.886931507500655,17.21555597638026,11.681984412543745,80.28169014084506,False,False,8.0,,,,,,,,,,,,,,,,,,,,,,,,,,,,,,
2026-03-31 00:00:00+00:00,F2,,0.0,,,,sar_date_timeline,khor_fakkan_pair,S1A,DESCENDING,93,1.0,3.0,True,1.25,1.0,2.0,-1.25,-100.0,26.64312234439802,17.21555597638026,14.756190836897364,22.954074635173676,9.42756636801776,54.76190476190476,True,True,8.0,,,,,,,,,,,,,,,,,,,,,,,,,,,,,,
2026-04-05 00:00:00+00:00,F2,,1.0,,,,sar_date_timeline,khor_fakkan_pair,S1A,DESCENDING,166,1.0,4.0,True,1.0,0.0,2.0,0.0,0.0,24.083948339100335,18.2713157896164,11.213579229128726,22.00956460928455,5.812632549483936,31.812884284925225,False,False,8.0,,,,,,,,,,,,,,,,,,,,,,,,,,,,,,
2026-04-09 00:00:00+00:00,F2,,0.0,,,,sar_date_timeline,khor_fakkan_pair,S1A,ASCENDING,57,1.0,4.0,True,1.25,0.0,2.0,-1.25,-100.0,25.823333964570388,15.98587340663881,12.29682569741447,21.72439206543223,9.837460557931578,61.53846153846156,True,False,8.0,,,,,,,,,,,,,,,,,,,,,,,,,,,,,,
2026-04-12 00:00:00+00:00,F3,,1.0,,,,sar_date_timeline,khor_fakkan_pair,S1A,DESCENDING,93,1.0,2.0,False,2.25,1.0,4.0,-1.25,-55.55555555555556,27.053016534311837,18.85513273603552,15.16608502681118,22.54418044525986,8.197883798276315,43.478260869565226,True,False,8.0,,,,,,,,,,,,,,,,,,,,,,,,,,,,,,
2026-04-17 00:00:00+00:00,F3,,0.0,,,,sar_date_timeline,khor_fakkan_pair,S1A,DESCENDING,166,1.0,3.0,True,0.75,0.0,2.0,-0.75,-100.0,21.606384852927,19.9001674930764,13.27659800452732,22.4181457453473,1.7062173598506014,8.573884418029259,True,False,8.0,,,,,,,,,,,,,,,,,,,,,,,,,,,,,,
2026-04-21 00:00:00+00:00,F3,,0.0,,,,sar_date_timeline,khor_fakkan_pair,S1A,ASCENDING,57,1.0,4.0,True,1.0,1.0,1.0,-1.0,-100.0,27.053016534311837,19.469974020906243,13.526508267155918,25.003545584742753,7.583042513405594,38.94736842105266,True,True,8.0,,,,,,,,,,,,,,,,,,,,,,,,,,,,,,
2026-04-24 00:00:00+00:00,F3,,2.0,,,,sar_date_timeline,khor_fakkan_pair,S1A,DESCENDING,93,1.0,2.0,False,1.5,1.0,2.0,0.5,33.333333333333336,25.003545584742753,18.85513273603552,13.526508267155918,24.183757204915125,6.148412848707231,32.60869565217389,False,False,8.0,,,,,,,,,,,,,,,,,,,,,,,,,,,,,,
2026-04-29 00:00:00+00:00,F4_tail,,2.0,,,,sar_date_timeline,khor_fakkan_pair,S1A,DESCENDING,166,1.0,2.0,False,1.25,0.0,3.0,0.75,60.0,27.40884275713024,16.608742208134164,12.04142415999648,21.17606025627185,10.800100548996078,65.02660113362893,False,False,8.0,,,,,,,,,,,,,,,,,,,,,,,,,,,,,,
2026-05-03 00:00:00+00:00,May,,1.0,,,,sar_date_timeline,khor_fakkan_pair,S1A,ASCENDING,57,1.0,3.0,True,1.75,0.0,4.0,-0.75,-42.857142857142854,27.053016534311837,20.49470949569078,20.084815305776967,26.64312234439802,6.558307038621056,32.00000000000003,True,False,8.0,,,,,,,,,,,,,,,,,,,,,,,,,,,,,,
2026-05-06 00:00:00+00:00,May,,1.0,,,,sar_date_timeline,khor_fakkan_pair,S1A,DESCENDING,93,1.0,4.0,True,1.25,1.0,2.0,-0.25,-20.0,25.003545584742753,17.625450166294073,11.886931507500655,25.41343977465657,7.37809541844868,41.86046511627906,True,False,8.0,,,,,,,,,,,,,,,,,,,,,,,,,,,,,,
2026-05-11 00:00:00+00:00,May,,2.0,,,,sar_date_timeline,khor_fakkan_pair,S1A,DESCENDING,166,1.0,4.0,True,2.0,0.0,3.0,0.0,0.0,27.82836956905485,18.483583434514976,11.614941460695038,24.926176972533014,9.344786134539874,50.55722104778698,False,False,8.0,,,,,,,,,,,,,,,,,,,,,,,,,,,,,,
2026-05-15 00:00:00+00:00,May,,1.0,,,,sar_date_timeline,khor_fakkan_pair,S1A,ASCENDING,57,1.0,3.0,True,1.75,0.0,4.0,-0.75,-42.857142857142854,23.363968825087493,19.265026925949336,12.29682569741447,22.54418044525986,4.098941899138158,21.276595744680858,True,False,8.0,,,,,,,,,,,,,,,,,,,,,,,,,,,,,,
2026-05-18 00:00:00+00:00,May,,0.0,,,,sar_date_timeline,khor_fakkan_pair,S1A,DESCENDING,93,1.0,4.0,True,0.75,0.0,2.0,-0.75,-100.0,28.282699104053282,16.600714691509534,11.477037317586838,24.183757204915125,11.681984412543748,70.37037037037038,True,False,8.0,,,,,,,,,,,,,,,,,,,,,,,,,,,,,,
2026-05-23 00:00:00+00:00,May,,4.0,,,,sar_date_timeline,khor_fakkan_pair,S1A,DESCENDING,166,1.0,4.0,True,2.0,1.0,3.0,2.0,100.0,29.07220622327953,18.478170051546943,14.106473170110375,21.60461640795831,10.594036171732586,57.332712829134735,False,False,8.0,,,,,,,,,,,,,,,,,,,,,,,,,,,,,,
2026-05-27 00:00:00+00:00,May,,1.0,,,,sar_date_timeline,khor_fakkan_pair,S1A,ASCENDING,57,1.0,3.0,True,1.0,0.0,2.0,0.0,0.0,24.183757204915125,18.85513273603552,15.16608502681118,19.674921115863153,5.328624468879603,28.260869565217387,False,False,8.0,,,,,,,,,,,,,,,,,,,,,,,,,,,,,,
2026-05-30 00:00:00+00:00,May,,0.0,,,,sar_date_timeline,khor_fakkan_pair,S1A,DESCENDING,93,1.0,2.0,False,1.5,0.0,4.0,-1.5,-100.0,26.64312234439802,16.600714691509534,15.16608502681118,18.03534435620789,10.042407652888485,60.49382716049384,True,False,8.0,,,,,,,,,,,,,,,,,,,,,,,,,,,,,,
2026-06-04 00:00:00+00:00,June,,2.0,,,,sar_date_timeline,khor_fakkan_pair,S1A,DESCENDING,166,1.0,4.0,True,1.25,1.0,2.0,0.75,60.0,26.180305844150713,17.435037481710587,15.777880656941127,24.100430649764228,8.745268362440125,50.15916009136167,False,False,8.0,,,,,,,,,,,,,,,,,,,,,,,,,,,,,,
2026-06-08 00:00:00+00:00,June,,3.0,,,,sar_date_timeline,khor_fakkan_pair,S1A,ASCENDING,57,1.0,4.0,True,0.75,0.0,1.0,2.25,300.0,29.102487483880914,17.625450166294073,14.346296646983546,23.77386301500131,11.477037317586841,65.11627906976746,False,False,8.0,,,,,,,,,,,,,,,,,,,,,,,,,,,,,,
2026-06-11 00:00:00+00:00,June,,3.0,,,,sar_date_timeline,khor_fakkan_pair,S1A,DESCENDING,93,1.0,4.0,True,1.0,0.0,3.0,2.0,200.0,36.890477092243415,19.87986821082006,14.346296646983546,20.084815305776967,17.010608881423355,85.56701030927837,False,False,8.0,,,,,,,,,,,,,,,,,,,,,,,,,,,,,,
2026-06-16 00:00:00+00:00,June,,3.0,,,,sar_date_timeline,khor_fakkan_pair,S1A,DESCENDING,166,1.0,4.0,True,1.25,0.0,2.0,1.75,140.0,32.42652689447826,15.779927998028215,10.795705800408161,21.187989816470463,16.646598896450044,105.49223607693345,False,False,8.0,,,,,,,,,,,,,,,,,,,,,,,,,,,,,,
2026-06-20 00:00:00+00:00,June,,0.0,,,,sar_date_timeline,khor_fakkan_pair,S1A,ASCENDING,57,1.0,4.0,True,1.0,0.0,2.0,-1.0,-100.0,30.742064243536177,16.190820501595717,9.017672178103945,27.462910724225647,14.55124374194046,89.87341772151903,True,False,8.0,,,,,,,,,,,,,,,,,,,,,,,,,,,,,,
2026-06-23 00:00:00+00:00,June,,2.0,,,,sar_date_timeline,khor_fakkan_pair,S1A,DESCENDING,93,1.0,4.0,True,0.75,0.0,2.0,1.25,166.66666666666666,29.922275863708542,18.445238546121708,7.378095418448682,26.233228154484202,11.477037317586834,62.22222222222219,False,False,8.0,,,,,,,,,,,,,,,,,,,,,,,,,,,,,,
2026-06-28 00:00:00+00:00,June,,2.0,,,,sar_date_timeline,khor_fakkan_pair,S1A,DESCENDING,166,1.0,2.0,False,0.5,0.0,1.0,1.5,300.0,27.84048813101817,12.667557853701608,8.305058071042296,17.03005763636092,15.172930277316562,119.777864467245,False,False,8.0,,,,,,,,,,,,,,,,,,,,,,,,,,,,,,
,,,,,,,window_summary,khor_fakkan_pair,,,,,,,,,,,,,,,,,15.651169626617092,,,8.0,baseline,Jan 1–Feb 28,14.0,19.674921115863153,17.01229756636631,2.9920539861664235,0.0,2.0494709495690735,4.201415446616613,-0.23214285714285715,-0.6964285714285714,0.25,0.42857142857142855,0.14285714285714285,0.7142857142857143,0.0,0.0,0.0,5000.0,59.0,49.0,0.8305084745762712,77.0,1.3050847457627117,-0.4745762711864405,-36.36363636363636,"{""2022"": 105.0, ""2023"": 74.0, ""2024"": 67.0, ""2025"": 62.0}","{""2022"": 1.7796610169491525, ""2023"": 1.2542372881355932, ""2024"": 1.1355932203389831, ""2025"": 1.0508474576271187}",0.0,port_calls_down_offshore_sar_up
,,,,,,,window_summary,khor_fakkan_pair,,,,,,,,,,,,,,,,,52.47070168436952,,,8.0,early,Mar 1–14,3.0,27.811100364865034,18.240291451164797,13.283947250730826,41.353046353217565,9.22261927306085,14.346296646983546,-0.8333333333333334,-1.75,1.0,0.6666666666666666,0.0,1.0,0.3333333333333333,0.0,1.0,5000.0,14.0,8.0,0.5714285714285714,16.25,1.1607142857142856,-0.5892857142857142,-50.76923076923077,"{""2022"": 19.0, ""2023"": 17.0, ""2024"": 12.0, ""2025"": 17.0}","{""2022"": 1.3571428571428572, ""2023"": 1.2142857142857142, ""2024"": 0.8571428571428571, ""2025"": 1.2142857142857142}",-31.195335276967935,port_calls_down_offshore_sar_up
,,,,,,,window_summary,khor_fakkan_pair,,,,,,,,,,,,,,,,,82.61750693140719,,,8.0,F1,Mar 15–28,2.0,30.301433221332108,16.592841360337705,13.708591860994403,54.01044325865782,13.070887075005256,14.34629664698355,-0.875,-1.0,-0.75,1.0,1.0,1.0,0.0,0.0,0.0,5000.0,14.0,3.0,0.21428571428571427,16.25,1.1607142857142858,-0.9464285714285715,-81.53846153846155,"{""2022"": 16.0, ""2023"": 18.0, ""2024"": 17.0, ""2025"": 14.0}","{""2022"": 1.1428571428571428, ""2023"": 1.2857142857142858, ""2024"": 1.2142857142857142, ""2025"": 1.0}",-74.19825072886297,port_calls_down_offshore_sar_up
,,,,,,,window_summary,khor_fakkan_pair,,,,,,,,,,,,,,,,,50.0,,,8.0,F2,Mar 29–Apr 11,3.0,25.823333964570388,17.21555597638026,9.42756636801776,31.249999999999996,5.812632549483936,9.837460557931578,-0.8333333333333334,-1.25,0.0,0.6666666666666666,0.0,1.0,0.3333333333333333,0.0,1.0,5000.0,14.0,11.0,0.7857142857142857,18.25,1.3035714285714288,-0.5178571428571431,-39.72602739726029,"{""2022"": 17.0, ""2023"": 14.0, ""2024"": 29.0, ""2025"": 13.0}","{""2022"": 1.2142857142857142, ""2023"": 1.0, ""2024"": 2.0714285714285716, ""2025"": 0.9285714285714286}",-5.393586005830907,port_calls_down_offshore_sar_up
,,,,,,,window_summary,khor_fakkan_pair,,,,,,,,,,,,,,,,,23.594682457407554,,,8.0,F3,Apr 12–25,2.0,24.32970069361942,19.685070756991323,4.644629936628098,23.658440866648714,1.7062173598506014,7.583042513405594,-0.875,-1.0,-0.75,1.0,1.0,1.0,0.5,0.0,1.0,5000.0,14.0,13.0,0.9285714285714286,16.5,1.1785714285714286,-0.25,-21.21212121212121,"{""2022"": 18.0, ""2023"": 13.0, ""2024"": 21.0, ""2025"": 14.0}","{""2022"": 1.2857142857142858, ""2023"": 0.9285714285714286, ""2024"": 1.5, ""2025"": 1.0}",11.807580174927116,port_calls_down_offshore_sar_up
,,,,,,,window_summary,khor_fakkan_pair,,,,,,,,,,,,,,,,,46.36240115536736,,,8.0,May,May 1–31,7.0,27.053016534311837,18.483583434514976,7.37809541844868,37.50000000000001,5.328624468879603,10.594036171732586,-0.07142857142857142,-0.6071428571428571,0.7142857142857143,0.5714285714285714,0.14285714285714285,0.8571428571428571,0.0,0.0,0.0,5000.0,31.0,39.0,1.2580645161290323,38.0,1.2258064516129032,0.032258064516129004,2.6315789473684186,"{""2022"": 33.0, ""2023"": 28.0, ""2024"": 44.0, ""2025"": 47.0}","{""2022"": 1.064516129032258, ""2023"": 0.9032258064516129, ""2024"": 1.4193548387096775, ""2025"": 1.5161290322580645}",51.48123765635286,port_calls_recovered_or_up_offshore_sar_still_up
,,,,,,,window_summary,khor_fakkan_pair,,,,,,,,,,,,,,,,,73.0276564213653,,,8.0,June,Jun 1–30,6.0,30.33217005362236,17.53024382400233,13.014140529763651,54.166666666666664,10.11115284001348,16.828603888936698,1.1666666666666667,0.20833333333333334,1.9166666666666667,0.16666666666666666,0.0,0.5,0.0,0.0,0.0,5000.0,30.0,50.0,1.6666666666666667,37.25,1.2416666666666667,0.42500000000000004,34.22818791946309,"{""2022"": 36.0, ""2023"": 30.0, ""2024"": 48.0, ""2025"": 35.0}","{""2022"": 1.2, ""2023"": 1.0, ""2024"": 1.6, ""2025"": 1.1666666666666667}",100.68027210884355,port_calls_recovered_or_up_offshore_sar_still_up
,,,,,,,window_summary,khor_fakkan_pair,,,,,,,,,,,,,,,,,52.47196747935172,,,8.0,acute_first_28_days,Mar 1–28,5.0,27.81133124955896,18.240291451164797,13.283947250730826,41.35421985064898,9.22261927306085,14.346296646983546,-0.85,-1.45,0.25,0.8,0.4,1.0,0.2,0.0,0.6,5000.0,28.0,11.0,0.39285714285714285,32.5,1.1607142857142856,-0.7678571428571428,-66.15384615384616,"{""2022"": 35.0, ""2023"": 35.0, ""2024"": 29.0, ""2025"": 31.0}","{""2022"": 1.25, ""2023"": 1.25, ""2024"": 1.0357142857142858, ""2025"": 1.1071428571428572}",-52.696793002915456,port_calls_down_offshore_sar_up
,,,,,,,window_summary,khor_fakkan_pair,,,,,,,,,,,,,,,,,52.21180940165296,,,8.0,full_event,Mar 1–Jun 30,23.0,27.811100364865034,18.2713157896164,9.837460557931578,41.353046353217565,8.745268362440125,11.477037317586841,-0.08695652173913043,-0.45652173913043476,0.29347826086956524,0.5652173913043478,0.391304347826087,0.7391304347826086,0.13043478260869565,0.043478260869565216,0.2608695652173913,5000.0,122.0,131.0,1.0737704918032787,147.75,1.2110655737704918,-0.13729508196721318,-11.336717428087992,"{""2022"": 145.0, ""2023"": 122.0, ""2024"": 175.0, ""2025"": 149.0}","{""2022"": 1.1885245901639345, ""2023"": 1.0, ""2024"": 1.4344262295081966, ""2025"": 1.221311475409836}",29.290732686517224,port_calls_down_offshore_sar_up
