status,scene_id,aoi_id,phase,acquisition_time_utc,relative_orbit_number,valid_nonexcluded_water_area_km2,coverage_fraction,raw_model_centers,exact_center_duplicates_removed,deduplicated_centers,retained_model_objects,vessel_like_labels,vessel_like_density_per_100_km2,manual_review_exact_geometry_vessel_like_labels,automatic_exclusion_model_centers,inference_runtime_seconds,peak_gpu_memory_allocated_bytes,peak_gpu_memory_reserved_bytes,tile_size,tile_step,input_geotiff_sha256,checkpoint_sha256,missing_state_keys,unexpected_state_keys,objectness_threshold,is_vessel_threshold,length_stratum,not_true_vessel_count,detections_sha256,manual_review_75m_vessel_like_labels
completed,S1A_IW_GRDH_1SDV_20240105T225908_20240105T225933_051978_0647EE_C83E,baltimore_outer_harbor_external_confirmation_candidate_water,pre_event,2024-01-05T22:59:08Z,106,83.984,1.0,9,0,9,9,8,9.52562392836731,0,0,8.80118229999789,2249773056,3076521984,2048,1536,c32a2952d2ed0ec721bc20ba0de16d9d65486f44bd736a5ebde25b289be55e7c,049059af337d6d85c14d26828708fc00258928736be9a2c2a2f8fc773dbfaa88,0,0,0.3,0.338,all,true,363455e840d624e0580c625ab0eceff9b0f3dc406e5ee388d0e885fe339111f8,0
completed,S1A_IW_GRDH_1SDV_20240110T230734_20240110T230759_052051_064A6A_D996,baltimore_outer_harbor_external_confirmation_candidate_water,pre_event,2024-01-10T23:07:34Z,4,83.984,1.0,8,0,8,8,8,9.52562392836731,0,0,0.3642111999943154,2249773056,3076521984,2048,1536,2b46b444311e56dfd177541a1e10640f13442db35678dc04ce00d19c9695dc0c,049059af337d6d85c14d26828708fc00258928736be9a2c2a2f8fc773dbfaa88,0,0,0.3,0.338,all,true,55f5a627e2ca3d573bd027f608cdb8050eb48e66586e035e86848960cc083537,0
completed,S1A_IW_GRDH_1SDV_20240117T225907_20240117T225932_052153_064DDC_A23B,baltimore_outer_harbor_external_confirmation_candidate_water,pre_event,2024-01-17T22:59:07Z,106,83.984,1.0,2,0,2,2,2,2.3814059820918274,0,0,0.3963923999981489,2249773056,3076521984,2048,1536,4297d4a518f09fe7c93782d07e7f614a77a868dd9596b5fa47bee39afd0686cf,049059af337d6d85c14d26828708fc00258928736be9a2c2a2f8fc773dbfaa88,0,0,0.3,0.338,all,true,959ef98c899b68ae00d4a72bdbd3ae0bca3a78213d410b62b5a40b7bb5f66abc,0
completed,S1A_IW_GRDH_1SDV_20240122T230734_20240122T230759_052226_06504D_F33F,baltimore_outer_harbor_external_confirmation_candidate_water,pre_event,2024-01-22T23:07:34Z,4,83.984,1.0,16,0,16,16,15,17.860544865688706,0,0,0.3939523000008194,2249773056,3076521984,2048,1536,082f9c74ccb7ebe01e237ad36ea51d853bd02963b57475fba49d121074cba623,049059af337d6d85c14d26828708fc00258928736be9a2c2a2f8fc773dbfaa88,0,0,0.3,0.338,all,true,5157bd6d16f9c37d6aff5f4ae9a6b79b72c2a466ad5330a0582cb02804de1849,0
completed,S1A_IW_GRDH_1SDV_20240129T225907_20240129T225932_052328_0653C6_426D,baltimore_outer_harbor_external_confirmation_candidate_water,pre_event,2024-01-29T22:59:07Z,106,83.984,1.0,6,0,6,6,4,4.762811964183655,0,0,0.40233709999301936,2249773056,3076521984,2048,1536,0015ec69a451f8f0d7738b3c9943a92d5f821a9323eea2c0cd46a44b32032422,049059af337d6d85c14d26828708fc00258928736be9a2c2a2f8fc773dbfaa88,0,0,0.3,0.338,all,true,56fa8d1b269a6c0366ef07b8c1b0cd39b389cea603f20e908c8023a1fc7f94d2,0
completed,S1A_IW_GRDH_1SDV_20240203T230734_20240203T230759_052401_065638_2BE2,baltimore_outer_harbor_external_confirmation_candidate_water,pre_event,2024-02-03T23:07:34Z,4,83.984,1.0,11,0,11,11,11,13.097732901505049,0,0,0.4454468000039924,2249773056,3076521984,2048,1536,bc2669d8ba77f24f834a810741fc515e7337616ef44fa3c55db228cb7e6d3b88,049059af337d6d85c14d26828708fc00258928736be9a2c2a2f8fc773dbfaa88,0,0,0.3,0.338,all,true,6c4ee818cc60ed22b019329c8a5e2158c9f4840e0cab804d01902335e7c74bd6,0
completed,S1A_IW_GRDH_1SDV_20240210T225906_20240210T225931_052503_0659A8_D7E5,baltimore_outer_harbor_external_confirmation_candidate_water,pre_event,2024-02-10T22:59:06Z,106,83.984,1.0,1,0,1,1,1,1.1907029910459137,0,0,0.4046163000020897,2249773056,3076521984,2048,1536,70a8cd2f177e133773c0ca9b9eb9228f7ff981b62d3572fdd40bc097b707c4f7,049059af337d6d85c14d26828708fc00258928736be9a2c2a2f8fc773dbfaa88,0,0,0.3,0.338,all,true,b1bba038030dcb1587c8bcd7c53a1ea2ac056062648584d949c8c7538413c0fc,0
completed,S1A_IW_GRDH_1SDV_20240215T230733_20240215T230758_052576_065C21_4A34,baltimore_outer_harbor_external_confirmation_candidate_water,pre_event,2024-02-15T23:07:33Z,4,83.984,1.0,13,0,13,13,10,11.907029910459135,0,0,0.4306949000019813,2249773056,3076521984,2048,1536,8ed95492b5710c259c91466c4b1d877b67b95ba8d3b4718b90f9ab3a2ae9af28,049059af337d6d85c14d26828708fc00258928736be9a2c2a2f8fc773dbfaa88,0,0,0.3,0.338,all,true,9d62c4139ab8d8e73738f60e6012f9ee27b601c5e97ff80a729e645caae401e4,0
completed,S1A_IW_GRDH_1SDV_20240222T225906_20240222T225931_052678_065F9F_3430,baltimore_outer_harbor_external_confirmation_candidate_water,pre_event,2024-02-22T22:59:06Z,106,83.984,1.0,9,0,9,9,6,7.144217946275481,0,0,0.39967289999185596,2249773056,3076521984,2048,1536,b1f9bf5a516c03395a4527c7b660926e491ed7696c9687662667d1ce1099195d,049059af337d6d85c14d26828708fc00258928736be9a2c2a2f8fc773dbfaa88,0,0,0.3,0.338,all,true,590b578dcb90503efd70929b3d236126f5f10a5f025438ab5ed4e19e4db74b1a,0
completed,S1A_IW_GRDH_1SDV_20240227T230733_20240227T230758_052751_066219_7101,baltimore_outer_harbor_external_confirmation_candidate_water,pre_event,2024-02-27T23:07:33Z,4,83.984,1.0,9,0,9,9,9,10.716326919413222,0,0,0.4030960999953095,2249773056,3076521984,2048,1536,665c62e8fc77ca9088a013db551de3d8adceb538c0661cff35949e20e1d37a45,049059af337d6d85c14d26828708fc00258928736be9a2c2a2f8fc773dbfaa88,0,0,0.3,0.338,all,true,6d7fa647807a6e7a53ad4b0abcbe3c37f524f190935eec79c5b7ea9b31255f2f,1
completed,S1A_IW_GRDH_1SDV_20240305T225907_20240305T225932_052853_066593_D339,baltimore_outer_harbor_external_confirmation_candidate_water,pre_event,2024-03-05T22:59:07Z,106,83.984,1.0,5,0,5,5,5,5.953514955229568,0,0,0.38369519999832846,2249773056,3076521984,2048,1536,cbbfa5dae2b6090e5152354cf08a8babb73ddba06331090c38c83ea995b08c25,049059af337d6d85c14d26828708fc00258928736be9a2c2a2f8fc773dbfaa88,0,0,0.3,0.338,all,true,661f505e1e5d4c3f21ddceff325366df8fe362d05c15538715ae447578c42980,0
completed,S1A_IW_GRDH_1SDV_20240310T230733_20240310T230758_052926_066807_8CCE,baltimore_outer_harbor_external_confirmation_candidate_water,pre_event,2024-03-10T23:07:33Z,4,83.984,1.0,5,0,5,5,4,4.762811964183655,0,0,0.32600979998824187,2249773056,3076521984,2048,1536,6ca733a34a0c63dec2ecc6eaba56ba0a24ddc89993a5c79881e71b286e4a63a9,049059af337d6d85c14d26828708fc00258928736be9a2c2a2f8fc773dbfaa88,0,0,0.3,0.338,all,true,d8266b1034687cb3ffd8cc153c42136f7920155b2730610f7e04ca454ff41c75,0
completed,S1A_IW_GRDH_1SDV_20240317T225907_20240317T225932_053028_066BB6_4B4D,baltimore_outer_harbor_external_confirmation_candidate_water,pre_event,2024-03-17T22:59:07Z,106,83.984,1.0,2,0,2,2,2,2.3814059820918274,0,0,0.3393227999913506,2249773056,3076521984,2048,1536,1626fede265e5266698d8a027a75964d392c048bbbc36a85dbec577f22764071,049059af337d6d85c14d26828708fc00258928736be9a2c2a2f8fc773dbfaa88,0,0,0.3,0.338,all,true,66e2b3d3082db580c1ba69583fd81540499f36e97c1e3f79ba9da9d45ff2f0f6,0
completed,S1A_IW_GRDH_1SDV_20240322T230734_20240322T230759_053101_066E8C_F4F5,baltimore_outer_harbor_external_confirmation_candidate_water,pre_event,2024-03-22T23:07:34Z,4,83.984,1.0,16,0,16,16,15,17.860544865688706,0,0,0.37699120001343545,2249773056,3076521984,2048,1536,9d5ca873a67f91519bbe927013d2447c928cff35471a5e574ab57f4b4ff960a6,049059af337d6d85c14d26828708fc00258928736be9a2c2a2f8fc773dbfaa88,0,0,0.3,0.338,all,true,f43de630fba00280bc667a1150ccf57a496ead58d8225ccbf87364502067fe65,0
completed,S1A_IW_GRDH_1SDV_20240329T225907_20240329T225932_053203_067264_5816,baltimore_outer_harbor_external_confirmation_candidate_water,acute,2024-03-29T22:59:07Z,106,83.984,1.0,5,0,5,5,4,4.762811964183655,0,0,0.3458749999990687,2249773056,3076521984,2048,1536,5236d548085f7ece269d3be2bc477f0e1b40857d5ca7c417a111e416340c8989,049059af337d6d85c14d26828708fc00258928736be9a2c2a2f8fc773dbfaa88,0,0,0.3,0.338,all,true,4fc412ba771a0208624c9133286d9dd792f38fdee6cdadd445ea3f85d01c150f,0
completed,S1A_IW_GRDH_1SDV_20240403T230734_20240403T230759_053276_06752C_FE95,baltimore_outer_harbor_external_confirmation_candidate_water,acute,2024-04-03T23:07:34Z,4,83.984,1.0,11,0,11,11,10,11.907029910459135,0,0,0.4063845000055153,2249773056,3076521984,2048,1536,7c40c86fdc5200862050d232bf1c02b1c3a991098cf9da9b1841af600fce41d4,049059af337d6d85c14d26828708fc00258928736be9a2c2a2f8fc773dbfaa88,0,0,0.3,0.338,all,true,fefe9aa466d74ae1ef43fa14592c4ff5c7b0edf0f498e392aedf7417b801a042,1
completed,S1A_IW_GRDH_1SDV_20240410T225906_20240410T225931_053378_067942_898F,baltimore_outer_harbor_external_confirmation_candidate_water,acute,2024-04-10T22:59:06Z,106,83.984,1.0,6,0,6,6,5,5.953514955229568,0,0,0.3723914000001969,2249773056,3076521984,2048,1536,6db61de407cfc49de050a764a55d705835a6f14fb120f69939d21565bf007e37,049059af337d6d85c14d26828708fc00258928736be9a2c2a2f8fc773dbfaa88,0,0,0.3,0.338,all,true,555d78be6dde0c328bbd42994b7e7e02b7e849e7934000c9bddeb256472c7802,0
completed,S1A_IW_GRDH_1SDV_20240415T230734_20240415T230759_053451_067C1E_A60A,baltimore_outer_harbor_external_confirmation_candidate_water,acute,2024-04-15T23:07:34Z,4,83.984,1.0,20,0,20,20,20,23.81405982091827,0,0,0.3345091999944998,2249773056,3076521984,2048,1536,0c95c6e33f76d1f562ef89967abf513385ce23be7f1a9e72f0481db6638fb694,049059af337d6d85c14d26828708fc00258928736be9a2c2a2f8fc773dbfaa88,0,0,0.3,0.338,all,true,52350b23bfce5691ae5afd333c1bfaaf2bcc0f9de86f038e30841b581c50b0a0,1
completed,S1A_IW_GRDH_1SDV_20240422T225908_20240422T225933_053553_068026_8D6C,baltimore_outer_harbor_external_confirmation_candidate_water,acute,2024-04-22T22:59:08Z,106,83.984,1.0,3,0,3,3,3,3.5721089731377407,0,0,0.3253104000032181,2249773056,3076521984,2048,1536,c6b2f64da0e938548707829050260aa4d9db9dc286f16048a3c9cb129dabd5e7,049059af337d6d85c14d26828708fc00258928736be9a2c2a2f8fc773dbfaa88,0,0,0.3,0.338,all,true,8a8f1cc32a8bcd202c1a8d36efaca1ea36c24f882a2a5838f350349d816cacd8,0
completed,S1A_IW_GRDH_1SDV_20240427T230735_20240427T230800_053626_0682FE_931A,baltimore_outer_harbor_external_confirmation_candidate_water,acute,2024-04-27T23:07:35Z,4,83.984,1.0,20,0,20,20,20,23.81405982091827,0,0,0.38728170000831597,2249773056,3076521984,2048,1536,3bdb165c9d66f54848ebc2ee00776a2f575f260822d93ea9baa1df10679aac3a,049059af337d6d85c14d26828708fc00258928736be9a2c2a2f8fc773dbfaa88,0,0,0.3,0.338,all,true,78d20f5ec6c04433471074710830687f71ea58d9aba487b0e4207d91b34d710b,1
completed,S1A_IW_GRDH_1SDV_20240504T225908_20240504T225933_053728_068708_23B9,baltimore_outer_harbor_external_confirmation_candidate_water,acute,2024-05-04T22:59:08Z,106,83.984,1.0,7,0,7,7,7,8.334920937321396,0,0,0.36328360000334214,2249773056,3076521984,2048,1536,86b14e57bb52e6e667476ae83cbffc226902d56039a16ecc65c12363554d325d,049059af337d6d85c14d26828708fc00258928736be9a2c2a2f8fc773dbfaa88,0,0,0.3,0.338,all,true,49bb2d8d43a3993a9e599dbf36ab5b6bac06e926dbdfd2bdd60dd30bab4af2ab,0
completed,S1A_IW_GRDH_1SDV_20240509T230710_20240509T230746_053801_0689BF_F123,baltimore_outer_harbor_external_confirmation_candidate_water,acute,2024-05-09T23:07:10Z,4,83.984,1.0,14,0,14,14,14,16.669841874642792,0,0,0.4044055999984266,2249773056,3076521984,2048,1536,601c080ce9db446f91844051645b4842239cdbd0bfcd1d20f8b39d86349115a8,049059af337d6d85c14d26828708fc00258928736be9a2c2a2f8fc773dbfaa88,0,0,0.3,0.338,all,true,7ff2190e69fc54dce4f1461febcd0991c19bd65f6a6ce7e3abe0b73d765fb5f2,0
completed,S1A_IW_GRDH_1SDV_20240516T225908_20240516T225933_053903_068D39_F218,baltimore_outer_harbor_external_confirmation_candidate_water,acute,2024-05-16T22:59:08Z,106,83.984,1.0,8,0,8,8,8,9.52562392836731,0,0,0.4305802000017138,2249773056,3076521984,2048,1536,ddd42e0d12faf3caa0d550ce9443e033dad6d857286442f073349ae909b2fcb8,049059af337d6d85c14d26828708fc00258928736be9a2c2a2f8fc773dbfaa88,0,0,0.3,0.338,all,true,27dde4773df3db600aadb1d19fb6ee51809ca19409553509e6717ec9e50fa6ab,0
completed,S1A_IW_GRDH_1SDV_20240528T225908_20240528T225933_054078_069350_95E2,baltimore_outer_harbor_external_confirmation_candidate_water,follow_up,2024-05-28T22:59:08Z,106,83.984,1.0,7,0,7,7,6,7.144217946275481,0,0,0.3311524000018835,2249773056,3076521984,2048,1536,e5231a6da671d6069cad22271552e37e5a0849e919854e3e4cc2d6cba034eed6,049059af337d6d85c14d26828708fc00258928736be9a2c2a2f8fc773dbfaa88,0,0,0.3,0.338,all,true,811c66f5e81093897d8be917c63a936ec268e41f9c498bd680942f4d45e71399,0
completed,S1A_IW_GRDH_1SDV_20240602T230734_20240602T230759_054151_0695D2_0049,baltimore_outer_harbor_external_confirmation_candidate_water,follow_up,2024-06-02T23:07:34Z,4,83.984,1.0,12,0,12,12,11,13.097732901505049,0,0,0.4140987999999197,2249773056,3076521984,2048,1536,28422129ca94f8c83f35ae9bfe0d6647ff217c04d351e77f4e835b13f42ec6d6,049059af337d6d85c14d26828708fc00258928736be9a2c2a2f8fc773dbfaa88,0,0,0.3,0.338,all,true,7138df87908aa3d53bb2e69cdbd203c120bd4ae00986bc00c615b0e43b544eec,1
completed,S1A_IW_GRDH_1SDV_20240609T225907_20240609T225932_054253_06995C_F197,baltimore_outer_harbor_external_confirmation_candidate_water,follow_up,2024-06-09T22:59:07Z,106,83.984,1.0,8,0,8,8,7,8.334920937321396,0,0,0.3788213999941945,2249773056,3076521984,2048,1536,d52d7743be3665ca93cf8580b807ecd2229a8c35e21aae27cc14992d417eceb4,049059af337d6d85c14d26828708fc00258928736be9a2c2a2f8fc773dbfaa88,0,0,0.3,0.338,all,true,5cf0cc49878c8833a29e9a4c9b9fbfa558372ad70a8bd800e3a2e9adcfb7b337,0
completed,S1A_IW_GRDH_1SDV_20240614T230734_20240614T230759_054326_069BDD_272F,baltimore_outer_harbor_external_confirmation_candidate_water,follow_up,2024-06-14T23:07:34Z,4,83.984,1.0,19,0,19,19,19,22.623356829872357,0,0,0.38823160000902135,2249773056,3076521984,2048,1536,52ba344f5262b5b2732f1a5a37272ff8e072455999b3543a7d5eec65dd6e69c7,049059af337d6d85c14d26828708fc00258928736be9a2c2a2f8fc773dbfaa88,0,0,0.3,0.338,all,true,d2b0b8faba0e6dc28a2d8cf104d0c4d891d28c048ee880bf0182e1d7211fa20f,0
completed,S1A_IW_GRDH_1SDV_20240621T225907_20240621T225932_054428_069F67_37BA,baltimore_outer_harbor_external_confirmation_candidate_water,follow_up,2024-06-21T22:59:07Z,106,83.984,1.0,3,0,3,3,3,3.5721089731377407,0,0,0.3771303999965312,2249773056,3076521984,2048,1536,1b4b918f5372a2cc79b4f1d77fdab28df004e31154638da5ace9df89914a1ad5,049059af337d6d85c14d26828708fc00258928736be9a2c2a2f8fc773dbfaa88,0,0,0.3,0.338,all,true,9939793e2475ad029abb85bb20a897217a5f2b5bababf1aa4e91e41de37726d2,0
completed,S1A_IW_GRDH_1SDV_20240626T230733_20240626T230758_054501_06A1F0_8DB1,baltimore_outer_harbor_external_confirmation_candidate_water,follow_up,2024-06-26T23:07:33Z,4,83.984,1.0,23,0,23,23,19,22.623356829872357,0,0,0.38581049999629613,2249773056,3076521984,2048,1536,6d083e5911a56f3ff56fd373270472698844a3389b2a0d23befaa0e9b6687478,049059af337d6d85c14d26828708fc00258928736be9a2c2a2f8fc773dbfaa88,0,0,0.3,0.338,all,true,d522686fd11cdad41d649e8a42ae77c1daaccf925c64ac255d4555a949520e34,1
