candidate_id,display_name,country_or_coast,measurement_domain,provider_id,portwatch_name,sar_aoi_id,environmental_analysis_id,scope_fixed_date_utc,first_result_available_date_utc,selection_timing,evidence_visible_before_candidate_inclusion,initial_analysis_context,reporting_context,data_available,analysis_executed,evidence_eligibility,evidence_eligibility_reason,included_in_main_text,main_text_exclusion_reason,overlapping_region_ids,research_unit_is_not_official_boundary,interpretation_notes
env_duqm_secondary,Duqm near-port secondary area,Oman,population_weighted_tropospheric_no2_column_anomaly,port984,Duqm,duqm_near_port_secondary_water,duqm_near_port_secondary_water,2026-07-21,2026-07-22,post_result_extension,validated_regional_shipping_screen_results,delayed_increase_supplementary_area,delayed_response_secondary,true,true,descriptive_only,PortWatch_only_shipping_support_and_environmental_analysis_executed,false,secondary_counterevidence_no_strict_SAR_support,[],true,source_classification_mixed_or_indeterminate
env_east_coast_cluster,Fujairah-Khor Fakkan dissolved east-coast cluster,United Arab Emirates east coast,population_weighted_tropospheric_no2_column_anomaly,,,,fujairah_khor_fakkan_east_coast_cluster,2026-07-21,2026-07-22,post_result_extension,validated_regional_shipping_screen_results,primary_environmental_candidate,coverage_limited_context,true,true,eligible,fixed_environmental_analysis_unit,true,,"[""env_fujairah_subregion"",""env_khor_fakkan_subregion""]",true,overlapping_buffers_dissolved_population_cells_not_double_counted
env_fujairah_subregion,Fujairah subregion sensitivity,United Arab Emirates east coast,population_weighted_tropospheric_no2_column_anomaly,port362,Fujairah,fujairah_port_anchorage,fujairah_subregion_sensitivity,2026-07-22,2026-07-22,post_result_extension,regional_shipping_screen_and_environmental_preliminary_analysis_results,prespecified_subregion_sensitivity,no_clear_change_control,true,true,descriptive_only,sensitivity_only_not_independent_replication,false,not_current_focal_subregion,"[""env_east_coast_cluster""]",true,never_counted_with_cluster_in_same_model
env_jebel_ali_control,Jebel Ali decline control,United Arab Emirates inner Gulf,population_weighted_tropospheric_no2_column_anomaly,port744,Jebel Ali,jebel_ali_port_waiting_area,jebel_ali_decline_control,2026-07-21,2026-07-22,post_result_extension,validated_regional_shipping_screen_results,decline_control,contraction_control,true,true,eligible,fixed_control_with_strict_same_direction_port_and_NO2_decrease,false,retained_as_full_region_control_for_supplement,[],true,direct_counterevidence_to_systematic_decoupling
env_khor_fakkan_subregion,Khor Fakkan subregion sensitivity,United Arab Emirates east coast,population_weighted_tropospheric_no2_column_anomaly,port561,Khor Fakkan,khor_fakkan_fujairah_adjacent_secondary_water,khor_fakkan_subregion_sensitivity,2026-07-22,2026-07-22T05:00:31Z,post_result_selected_case,regional_shipping_screen_environmental_preliminary_analysis_and_news_constrained_validation_results,prespecified_subregion_sensitivity,selected_exploratory_case,true,true,eligible,fixed_subregion_sensitivity_selected_after_initial_results,true,,"[""env_east_coast_cluster""]",true,population_weighted_tropospheric_column_proxy_not_surface_or_personal_exposure
env_salalah_secondary,Salalah near-port secondary area,Oman,population_weighted_tropospheric_no2_column_anomaly,port746,Salalah,salalah_near_port_secondary_water,salalah_near_port_secondary_water,2026-07-21,2026-07-22,post_result_extension,validated_regional_shipping_screen_results,delayed_increase_supplementary_area,counterexample,true,true,descriptive_only,port_increase_without_clear_NO2_and_no_strict_SAR_support,false,retained_as_counterexample_in_supplement,[],true,source_classification_mixed_or_indeterminate
env_sohar_sensitivity,Sohar high-confounding sensitivity,Oman,population_weighted_tropospheric_no2_column_anomaly,port988,Port of Sohar,sohar_port_anchorage,sohar_high_confounding_sensitivity,2026-07-21,2026-07-22,post_result_extension,validated_regional_shipping_screen_results,high_industrial_confounding_sensitivity,high_confounding_sensitivity,true,true,descriptive_only,fixed_sensitivity_with_high_industrial_confounding,false,source_nonidentifiable_and_not_headline_eligible,[],true,source_classification_mixed_or_indeterminate
pw_chokepoint6,Strait of Hormuz,Strait of Hormuz,portwatch_port_activity,chokepoint6,Strait of Hormuz,strait_of_hormuz_transit_gate,,2026-07-14,2026-07-15,pre_result_fixed,data_access_and_coverage_only_outcome_not_examined,primary_chokepoint_reference,regional_disruption_context,true,true,eligible,validated_provider_series,true,,[],true,event_context_not_a_port_or_complete_physical_vessel_census
pw_port106,Bandar Shahid Rajaee,Iran,portwatch_port_activity,port106,Bandar Shahid Rajaee,,,2026-07-14,2026-07-15,pre_result_fixed,data_access_and_coverage_only_outcome_not_examined,secondary_descriptive_port,not_used_in_manuscript,true,true,descriptive_only,separate_secondary_series_not_used_for_primary_environmental_analysis,false,secondary_descriptive_and_not_part_of_focal_case,"[""pw_port107""]",true,must_not_be_added_to_port107
pw_port107,Bandar Abbas,Iran,portwatch_port_activity,port107,Bandar Abbas,bandar_abbas_port_approach,,2026-07-14,2026-07-15,pre_result_fixed,data_access_and_coverage_only_outcome_not_examined,secondary_descriptive_port,not_used_in_manuscript,true,true,descriptive_only,separate_secondary_series_not_used_for_primary_environmental_analysis,false,secondary_descriptive_and_not_part_of_focal_case,"[""pw_port106""]",true,must_not_be_added_to_port106
pw_port1090,Ras Laffan,Qatar,portwatch_port_activity,port1090,Ras Laffan,,,2026-07-20,2026-07-21,post_result_extension,initial_port_increase_route_failure_five_water_screening_and_news_constrained_validation_results,gulf_internal_candidate,not_used_in_manuscript,true,true,descriptive_only,exact_provider_series,false,complete_network_result_reserved_for_supplement,[],true,
pw_port1091,Ras Tanura,Saudi Arabia,portwatch_port_activity,port1091,Ras Tanura,,,2026-07-20,2026-07-21,post_result_extension,initial_port_increase_route_failure_five_water_screening_and_news_constrained_validation_results,gulf_internal_candidate,not_used_in_manuscript,true,true,descriptive_only,exact_provider_series,false,complete_network_result_reserved_for_supplement,[],true,
pw_port1341,Umm Qasr,Iraq,portwatch_port_activity,port1341,Umm Qasr,,,2026-07-20,2026-07-21,post_result_extension,initial_port_increase_route_failure_five_water_screening_and_news_constrained_validation_results,gulf_internal_candidate,not_used_in_manuscript,true,true,descriptive_only,exact_provider_series,false,complete_network_result_reserved_for_supplement,[],true,
pw_port192,Port Said,Egypt Mediterranean coast,portwatch_port_activity,port192,Port Said,,,2026-07-20,2026-07-21,post_result_extension,initial_port_increase_route_failure_five_water_screening_and_news_constrained_validation_results,long_distance_supplementary,not_used_in_manuscript,true,true,descriptive_only,exact_provider_series_long_distance_context_only,false,long_distance_descriptive_only,"[""pw_unavailable_suez""]",true,slash_family_member_not_summed
pw_port2025,Khalifa Port,United Arab Emirates,portwatch_port_activity,port2025,Khalifa Port,,,2026-07-20,2026-07-21,post_result_extension,initial_port_increase_route_failure_five_water_screening_and_news_constrained_validation_results,gulf_internal_candidate,not_used_in_manuscript,true,true,descriptive_only,exact_provider_series,false,complete_network_result_reserved_for_supplement,"[""pw_port5""]",true,slash_family_member_not_summed
pw_port2026,Hamad Port,Qatar,portwatch_port_activity,port2026,Hamad Port,,,2026-07-20,2026-07-21,post_result_extension,initial_port_increase_route_failure_five_water_screening_and_news_constrained_validation_results,gulf_internal_candidate,not_used_in_manuscript,true,true,descriptive_only,exact_provider_series,false,complete_network_result_reserved_for_supplement,"[""pw_unavailable_mesaieed""]",true,slash_family_member_not_summed
pw_port24,Jubail,Saudi Arabia,portwatch_port_activity,port24,Jubail,,,2026-07-20,2026-07-21,post_result_extension,initial_port_increase_route_failure_five_water_screening_and_news_constrained_validation_results,gulf_internal_candidate,not_used_in_manuscript,true,true,descriptive_only,exact_provider_series,false,complete_network_result_reserved_for_supplement,[],true,
pw_port275,Dammam,Saudi Arabia,portwatch_port_activity,port275,Dammam,,,2026-07-20,2026-07-21,post_result_extension,initial_port_increase_route_failure_five_water_screening_and_news_constrained_validation_results,gulf_internal_candidate,not_used_in_manuscript,true,true,descriptive_only,exact_provider_series,false,complete_network_result_reserved_for_supplement,[],true,
pw_port294,Djibouti,Djibouti,portwatch_port_activity,port294,Djibouti,,,2026-07-20,2026-07-21,post_result_extension,initial_port_increase_route_failure_five_water_screening_and_news_constrained_validation_results,long_distance_supplementary,not_used_in_manuscript,true,true,descriptive_only,exact_provider_series_long_distance_context_only,false,long_distance_descriptive_only,[],true,
pw_port362,Fujairah,United Arab Emirates east coast,portwatch_port_activity,port362,Fujairah,fujairah_port_anchorage,fujairah_subregion_sensitivity,2026-07-14,2026-07-15,pre_result_fixed,data_access_and_coverage_only_outcome_not_examined,primary_port_activity_candidate,no_clear_change_control,true,true,eligible,validated_provider_series,false,Khor_Fakkan_was_selected_after_initial_results_and_Fujairah_SAR_was_no_clear_change,"[""pw_port561""]",true,separate_port_series_not_summed_for_strict_pair_comparison
pw_port5,Abu Dhabi,United Arab Emirates,portwatch_port_activity,port5,Abu Dhabi,,,2026-07-20,2026-07-21,post_result_extension,initial_port_increase_route_failure_five_water_screening_and_news_constrained_validation_results,gulf_internal_candidate,not_used_in_manuscript,true,true,descriptive_only,exact_provider_series,false,complete_network_result_reserved_for_supplement,"[""pw_port2025""]",true,slash_family_member_not_summed
pw_port518,Jeddah,Saudi Arabia Red Sea coast,portwatch_port_activity,port518,Jeddah,,,2026-07-20,2026-07-21,post_result_extension,initial_port_increase_route_failure_five_water_screening_and_news_constrained_validation_results,long_distance_supplementary,not_used_in_manuscript,true,true,descriptive_only,exact_provider_series_long_distance_context_only,false,long_distance_descriptive_only,[],true,not_a_held_out_external_event_validation
pw_port561,Khor Fakkan,United Arab Emirates east coast,portwatch_port_activity,port561,Khor Fakkan,khor_fakkan_fujairah_adjacent_secondary_water,khor_fakkan_subregion_sensitivity,2026-07-20,2026-07-21,post_result_selected_case,initial_port_increase_route_failure_five_water_screening_news_constrained_validation_regional_shipping_screen_and_SAR_results,east_of_strait_port_network_candidate,selected_exploratory_case,true,true,eligible,exact_provider_series_and_validated_results,true,,"[""pw_port362""]",true,focal_selection_occurred_after_multi_region_outcomes
pw_port743,Mina Al Ahmadi,Kuwait,portwatch_port_activity,port743,Mina Al Ahmadi,,,2026-07-20,2026-07-21,post_result_extension,initial_port_increase_route_failure_five_water_screening_and_news_constrained_validation_results,gulf_internal_candidate,not_used_in_manuscript,true,true,descriptive_only,exact_provider_series_with_nonestimable_upper_CI_in_zero_windows,false,complete_network_result_reserved_for_supplement,"[""pw_unavailable_kuwait""]",true,observed_zeros_not_missing
pw_port744,Jebel Ali,United Arab Emirates,portwatch_port_activity,port744,Jebel Ali,jebel_ali_port_waiting_area,jebel_ali_decline_control,2026-07-14,2026-07-15,pre_result_fixed,data_access_and_coverage_only_outcome_not_examined,primary_port_activity_candidate,contraction_control,true,true,eligible,validated_provider_series,false,retained_as_full_region_counterevidence_for_supplement,[],true,strict_port_and_NO2_decrease_control
pw_port746,Salalah,Oman,portwatch_port_activity,port746,Salalah,salalah_near_port_secondary_water,salalah_near_port_secondary_water,2026-07-20,2026-07-21,post_result_extension,initial_port_increase_route_failure_five_water_screening_and_news_constrained_validation_results,east_of_strait_port_network_candidate,counterexample,true,true,eligible,exact_provider_series,false,port_increase_without_clear_NO2_change_reserved_as_counterexample,[],true,SAR_secondary_water_not_assessed
pw_port984,Duqm,Oman,portwatch_port_activity,port984,Duqm,duqm_near_port_secondary_water,duqm_near_port_secondary_water,2026-07-20,2026-07-21,post_result_extension,initial_port_increase_route_failure_five_water_screening_and_news_constrained_validation_results,east_of_strait_port_network_candidate,delayed_response_secondary,true,true,eligible,exact_provider_series,false,delayed_response_counterevidence_reserved_for_supplement,[],true,SAR_secondary_water_not_assessed
pw_port988,Port of Sohar,Oman,portwatch_port_activity,port988,Port of Sohar,sohar_port_anchorage,sohar_high_confounding_sensitivity,2026-07-14,2026-07-15,pre_result_fixed,data_access_and_coverage_only_outcome_not_examined,primary_port_activity_candidate,high_confounding_sensitivity,true,true,eligible,validated_provider_series,false,high_industrial_confounding_and_SAR_historical_coverage_insufficient,[],true,
pw_unavailable_kuwait,Kuwait,Kuwait,portwatch_port_activity,,,,,2026-07-20,,post_result_extension,initial_port_increase_route_failure_five_water_screening_and_news_constrained_validation_results,gulf_internal_candidate,unavailable_candidate,false,false,provider_series_unavailable,no_exact_provider_directory_match,false,provider_series_unavailable,"[""pw_port743""]",true,Mina_Al_Ahmadi_not_substituted
pw_unavailable_mesaieed,Mesaieed,Qatar,portwatch_port_activity,,,,,2026-07-20,,post_result_extension,initial_port_increase_route_failure_five_water_screening_and_news_constrained_validation_results,gulf_internal_candidate,unavailable_candidate,false,false,provider_series_unavailable,no_exact_provider_directory_match,false,provider_series_unavailable,"[""pw_port2026""]",true,neighboring_Hamad_not_substituted
pw_unavailable_suez,Suez,Egypt,portwatch_port_activity,,,,,2026-07-20,,post_result_extension,initial_port_increase_route_failure_five_water_screening_and_news_constrained_validation_results,long_distance_supplementary,unavailable_candidate,false,false,provider_series_unavailable,no_exact_provider_directory_match,false,provider_series_unavailable,"[""pw_port192""]",true,Port_Said_not_substituted
sar_bandar_abbas_port_approach,Bandar Abbas study water,Iran,sar_vessel_like_density,,Bandar Abbas,bandar_abbas_port_approach,,2026-07-14,2026-07-18,pre_result_fixed,no_SAR_outcome,fixed_pre_result_study_water,coverage_limited_context,true,true,coverage_insufficient,strict_historical_same_window_comparability_insufficient,false,original_environmental_candidate_ineligible_and_strict_SAR_comparison_ineligible,[],true,exploratory_SAR_only_not_environmental_or_NO2_analysis
sar_duqm_secondary,Duqm candidate study water,Oman,sar_vessel_like_density,port984,Duqm,duqm_near_port_secondary_water,duqm_near_port_secondary_water,2026-07-19,,post_result_extension,five_water_screening_results_and_news_constraints,candidate_secondary_research_water,delayed_response_secondary,false,false,coverage_insufficient,zero_eligible_SAR_relations_PortWatch_and_news_description_only,false,no_eligible_SAR_execution,[],true,geometry_not_modified_to_gain_scenes
sar_fujairah_port_anchorage,Fujairah study water,United Arab Emirates east coast,sar_vessel_like_density,,Fujairah,fujairah_port_anchorage,fujairah_subregion_sensitivity,2026-07-14,2026-07-18,pre_result_fixed,no_SAR_outcome,fixed_pre_result_study_water,no_clear_change_control,true,true,eligible,strict_historical_same_window_comparability_passed,false,no_clear_change_and_not_selected_as_focal_case,"[""sar_khor_fakkan_adjacent""]",true,separate_from_Khor_Fakkan_and_never_summed
sar_jebel_ali_port_waiting_area,Jebel Ali study water,United Arab Emirates inner Gulf,sar_vessel_like_density,,Jebel Ali,jebel_ali_port_waiting_area,jebel_ali_decline_control,2026-07-14,2026-07-18,pre_result_fixed,no_SAR_outcome,fixed_pre_result_study_water,contraction_control,true,true,coverage_insufficient,strict_historical_same_window_comparability_insufficient,false,no_strict_SAR_family_result,[],true,name_does_not_confirm_waiting
sar_khor_fakkan_adjacent,Khor Fakkan/Fujairah-adjacent study water,United Arab Emirates east coast,sar_vessel_like_density,,Khor Fakkan,khor_fakkan_fujairah_adjacent_secondary_water,khor_fakkan_subregion_sensitivity,2026-07-19,2026-07-19T09:05:28Z,post_result_selected_case,five_study_water_screening_results_and_news_constraints,post_result_secondary_research_water,selected_exploratory_case,true,true,eligible,news_constrained_execution_and_strict_SAR_comparability_passed,true,,"[""sar_fujairah_port_anchorage""]",true,SAR_increase_reportable_but_strict_local_pair_not_assessable
sar_salalah_secondary,Salalah candidate study water,Oman,sar_vessel_like_density,port746,Salalah,salalah_near_port_secondary_water,salalah_near_port_secondary_water,2026-07-19,,post_result_extension,five_water_screening_results_and_news_constraints,candidate_secondary_research_water,counterexample,false,false,coverage_insufficient,zero_eligible_SAR_relations_PortWatch_and_news_description_only,false,no_eligible_SAR_execution,[],true,geometry_not_modified_to_gain_scenes
sar_shinas_musandam_east,Shinas/Musandam east candidate study water,Oman and Musandam east coast,sar_vessel_like_density,,,shinas_musandam_east_secondary_water,,2026-07-19,,post_result_extension,five_water_screening_Sohar_delayed_pattern_and_news_constraints,candidate_secondary_research_water,coverage_limited_context,false,false,coverage_insufficient,zero_eligible_SAR_relations_news_description_only,false,no_eligible_SAR_execution,[],true,geometry_not_modified_to_gain_scenes
sar_sohar_port_anchorage,Sohar study water,Oman,sar_vessel_like_density,,Port of Sohar,sohar_port_anchorage,sohar_high_confounding_sensitivity,2026-07-14,2026-07-18,pre_result_fixed,no_SAR_outcome,fixed_pre_result_study_water,high_confounding_sensitivity,true,true,coverage_insufficient,strict_historical_same_window_comparability_insufficient,false,coverage_and_industrial_confounding_limit_headline_use,[],true,descriptive_only
sar_strait_of_hormuz_transit_gate,Strait of Hormuz transit study water,Strait of Hormuz,sar_vessel_like_density,,Strait of Hormuz,strait_of_hormuz_transit_gate,,2026-07-14,2026-07-18,pre_result_fixed,no_SAR_outcome,fixed_pre_result_study_water,coverage_limited_context,true,true,coverage_insufficient,strict_historical_same_window_comparability_insufficient,false,not_strictly_SAR_eligible_for_headline_inference,[],true,not_official_channel_or_route
