path,rows,columns,bytes,sha256
files/analysis_ready/Supplementary_Data_1_full_evidence_matrix.csv,647,19,1270643,1538c3401eea5bd4df66cf63c63eba9c9e79d050581f56b782fd5962ef080c10
files/analysis_ready/Supplementary_Data_2_candidate_region_universe.csv,40,23,18948,a1c5f4eea11d65ac799902ce13c840b9d1103f846bd710f9aa9cf1319626d906
files/analysis_ready/Supplementary_Data_3_baltimore_sar_scene_timeline.csv,29,31,14823,8a77ae0144c52967511aa7dd1b9333038a0028d8dd1448980b52ea779d7fdb74
files/analysis_ready/Supplementary_Data_4_baltimore_primary_differences.csv,2,5,195,464f258cfeac65abf2ff6125e34c125ff1ed72da3976a1e1f454c72df02f97b8
files/analysis_ready/Supplementary_Data_5_acute_joint_extremeness.csv,118,49,22180,9d9d2e629ac9b1ef73ab454c58fc74f850223d38a048f2cdec3ad8a51bee1c92
files/analysis_ready/historical_pseudo_event.csv,5,80,8176,6951db7e9b278d510280a0516cfcfb94568f320bdd247d041b5de7ce484f2b77
files/analysis_ready/khor_fakkan_late_phase_no2_alignment.csv,32,49,28531,32eb15242de00bae323b4875d64fdbcfabc0f7a8ff3c7985551defb58515d609
files/analysis_ready/khor_fakkan_port_sar_timeline.csv,235,59,40997,d8989268254e3803d554a93eb0cba325bbd414475c75d3eb07fe661b5220f709
files/main_figures/Figure_1_source_data.csv,1539,36,289166,a5f88b0dc95365d222eab135085d5c55a3a01ec3eec8e0cee1aa7c0865f36333
files/main_figures/Figure_2_source_data.csv,240,78,43875,a9d0b9f73739b8f9fd496bc49d3a28ac035b0e920dfbaaf8ef3713e2a2f4657a
files/statistical_inputs/khor_fakkan_port_daily.csv,435,6,20111,33dd18a7b5b33f8d4b88d0d0c57992dda891ff97dcae3de03381d572dc601bf5
files/statistical_inputs/khor_fakkan_sar_eligible_dates.csv,96,11,17621,a743202e603e54a16cf8fcc02d747a5cea4ad4fa59fe202797b0480dcb074816
files/statistical_inputs/no2_daily_aggregates.csv,3624,19,1120191,260a3fdfae5456c65dcb86fbded08bba44bf35c384c488b0c1f5de88ad3db355
files/statistical_inputs/no2_may_june_summary.csv,4,20,2067,27af2259b2fecdf362dd156325e9b67e4b70426d641f2b9eea246cee2d89403c
files/supplementary_figures/Supplementary_Figure_1_source_data.csv,68,33,17239,5423af292e6436507bbcdc34e75dcb1a83947b4199afa7c52a24bbd05b6036d8
files/supplementary_figures/Supplementary_Figure_2_source_data.csv,7,11,2703,61fda589b6c2c665bc93313f253ce66a7eda5a85e2e89bd3852b3b8b805f10a5
files/supplementary_figures/Supplementary_Figure_3_source_data.csv,3439,12,395566,9b0b2a44c6d4335dda72944448c768b692fc42ec0c91c88cce80da2401c1c94f
files/supplementary_figures/Supplementary_Figure_4_source_data.csv,42,22,5560,847ad593a4c8726b8684fa7ea8c8fd0920a627c1ba97f16ca439df06947864a8
files/supplementary_figures/Supplementary_Figure_5_source_data.csv,110,56,97558,4796714cf5ca1196798d46879ef3804eb14b50ed0f2afb475ec3c8c57f524df4
files/supplementary_figures/Supplementary_Figure_6_source_data.csv,213,9,11649,e95bdf5b720448046f267bd764a6987329802366608cdcbe7264013b6cfe18be
files/supplementary_figures/Supplementary_Figure_7_source_data.csv,33,41,15451,7d0dd460f95c80c2c66f365cf8de0dbe0fa12b47472672580eb266e724003b52
files/supplementary_tables/Supplementary_Table_01.csv,24,4,1593,aeceb06096bc6565cf9ee99c649fbb84f04131632f8a101efaac19f4a1ca259d
files/supplementary_tables/Supplementary_Table_02.csv,6,4,435,12dfa56ce67e03fbfc390ec397b7368287ff0e542a05583871ab166576a5728e
files/supplementary_tables/Supplementary_Table_03.csv,3,5,601,5f3dfc7071f2296310fa1c07d4c7c60a347d7abd57e08ad05e9f209433280b34
files/supplementary_tables/Supplementary_Table_04.csv,5,8,358,2b65f4738a95e7269aac21f57e2e4194492e85b697466ea6146f89854be1be3b
files/supplementary_tables/Supplementary_Table_05.csv,5,3,239,eae22c4ace905be0ac758decc25aaf7390cbcdd0040746be3b4cc15f2ec6ffe5
files/supplementary_tables/Supplementary_Table_06.csv,3,4,453,77d82a17c90ec795a587e06af40156c0fcf293abc97d9e720a6315759a420b2a
files/supplementary_tables/Supplementary_Table_07.csv,2,6,412,a57843f5c9f8080b2e2b1b875a3ebc668f7fb33d8d1daba43e13e0aacf35cc96
files/supplementary_tables/Supplementary_Table_08.csv,3,4,161,c275aa19b7fda321dbfb18501e9b780b5fe4cb5225eaa30fa21ab3151dd62471
files/supplementary_tables/Supplementary_Table_09.csv,5,5,307,6d2479cde8490ce06e70cce09f68cf3c12208f1f50a5313da38623c00799fee4
files/supplementary_tables/Supplementary_Table_10.csv,9,3,1060,6425e0a58178da5029ff3fa9215fa05328ce1e6a6078e8391cbb4771ae7a60ea
