record_type,source_component,analysis_record_type,omitted_value,matching_tolerance_days,sar_change,port_change,acute_sar_percent_change_vs_matched_historical,acute_portwatch_all_days_percent_change_vs_historical,analysis_id,buffer_km,phase,no2_change_vs_historical_mol_m2,no2_change_vs_historical_bootstrap_ci95_lower,no2_change_vs_historical_bootstrap_ci95_upper,year,acute_port_below_same_year_baseline,acute_sar_above_same_year_baseline,late_phase_port_above_same_year_baseline,late_phase_sar_above_same_year_baseline,late_phase_no2_mean_above_same_year_baseline,late_phase_no2_mean_above_excluding_year_historical_reference
sar_sensitivity,SAR/PortWatch sensitivity,tolerance_summary,,7,,,52.47196748,-66.15384615,,,,,,,,,,,,,
sar_sensitivity,SAR/PortWatch sensitivity,tolerance_summary,,8,,,52.47196748,-66.15384615,,,,,,,,,,,,,
sar_sensitivity,SAR/PortWatch sensitivity,tolerance_summary,,12,,,55.08512889,-66.15384615,,,,,,,,,,,,,
sar_sensitivity,SAR/PortWatch sensitivity,leave_one_date,2026-03-04,,10.21574836,-0.01136363636,,,,,,,,,,,,,,,
sar_sensitivity,SAR/PortWatch sensitivity,leave_one_date,2026-03-07,,9.632513463,-0.01136363636,,,,,,,,,,,,,,,
sar_sensitivity,SAR/PortWatch sensitivity,leave_one_date,2026-03-12,,9.632513463,-0.1363636364,,,,,,,,,,,,,,,
sar_sensitivity,SAR/PortWatch sensitivity,leave_one_date,2026-03-19,,9.632513463,-0.05681818182,,,,,,,,,,,,,,,
sar_sensitivity,SAR/PortWatch sensitivity,leave_one_date,2026-03-24,,9.632513463,-0.04545454545,,,,,,,,,,,,,,,
sar_sensitivity,SAR/PortWatch sensitivity,leave_one_date,2026-03-31,,10.21574836,-0.03409090909,,,,,,,,,,,,,,,
sar_sensitivity,SAR/PortWatch sensitivity,leave_one_date,2026-04-05,,10.21574836,-0.09090909091,,,,,,,,,,,,,,,
sar_sensitivity,SAR/PortWatch sensitivity,leave_one_date,2026-04-09,,10.01080127,-0.03409090909,,,,,,,,,,,,,,,
sar_sensitivity,SAR/PortWatch sensitivity,leave_one_date,2026-04-17,,10.21574836,-0.05681818182,,,,,,,,,,,,,,,
sar_sensitivity,SAR/PortWatch sensitivity,leave_one_date,2026-04-21,,10.21574836,-0.04545454545,,,,,,,,,,,,,,,
sar_sensitivity,SAR/PortWatch sensitivity,leave_one_date,2026-05-03,,10.21574836,-0.05681818182,,,,,,,,,,,,,,,
sar_sensitivity,SAR/PortWatch sensitivity,leave_one_date,2026-05-06,,10.21574836,-0.07954545455,,,,,,,,,,,,,,,
sar_sensitivity,SAR/PortWatch sensitivity,leave_one_date,2026-05-11,,10.21574836,-0.09090909091,,,,,,,,,,,,,,,
sar_sensitivity,SAR/PortWatch sensitivity,leave_one_date,2026-05-15,,10.21574836,-0.05681818182,,,,,,,,,,,,,,,
sar_sensitivity,SAR/PortWatch sensitivity,leave_one_date,2026-05-18,,9.632513463,-0.05681818182,,,,,,,,,,,,,,,
sar_sensitivity,SAR/PortWatch sensitivity,leave_one_date,2026-05-23,,9.632513463,-0.1818181818,,,,,,,,,,,,,,,
sar_sensitivity,SAR/PortWatch sensitivity,leave_one_date,2026-05-27,,10.21574836,-0.09090909091,,,,,,,,,,,,,,,
sar_sensitivity,SAR/PortWatch sensitivity,leave_one_date,2026-06-04,,10.21574836,-0.125,,,,,,,,,,,,,,,
sar_sensitivity,SAR/PortWatch sensitivity,leave_one_date,2026-06-08,,9.632513463,-0.1931818182,,,,,,,,,,,,,,,
sar_sensitivity,SAR/PortWatch sensitivity,leave_one_date,2026-06-11,,9.632513463,-0.1818181818,,,,,,,,,,,,,,,
sar_sensitivity,SAR/PortWatch sensitivity,leave_one_date,2026-06-16,,9.632513463,-0.1704545455,,,,,,,,,,,,,,,
sar_sensitivity,SAR/PortWatch sensitivity,leave_one_date,2026-06-20,,9.632513463,-0.04545454545,,,,,,,,,,,,,,,
sar_sensitivity,SAR/PortWatch sensitivity,leave_one_date,2026-06-23,,9.632513463,-0.1477272727,,,,,,,,,,,,,,,
sar_sensitivity,SAR/PortWatch sensitivity,leave_one_relative_orbit,166,,9.837460558,-0.3833333333,,,,,,,,,,,,,,,
sar_sensitivity,SAR/PortWatch sensitivity,leave_one_relative_orbit,57,,11.47703732,0.15,,,,,,,,,,,,,,,
sar_sensitivity,SAR/PortWatch sensitivity,leave_one_relative_orbit,93,,9.283702704,-0.03125,,,,,,,,,,,,,,,
no2_sensitivity,NO2 spatial sensitivity,no2_spatial_domain,,,,,,,khor_fakkan_subregion_sensitivity,20,acute_full,3.02032230848e-05,-2.79223494636e-05,8.1382543835e-05,,,,,,,
no2_sensitivity,NO2 spatial sensitivity,no2_spatial_domain,,,,,,,khor_fakkan_subregion_sensitivity,20,late_phase,2.13879147615e-05,1.04247261742e-05,3.3562490962e-05,,,,,,,
no2_sensitivity,NO2 spatial sensitivity,no2_spatial_domain,,,,,,,khor_fakkan_subregion_sensitivity,10,acute_full,4.56663189172e-05,-2.64249477567e-05,0.000108868609237,,,,,,,
no2_sensitivity,NO2 spatial sensitivity,no2_spatial_domain,,,,,,,khor_fakkan_subregion_sensitivity,10,late_phase,2.50302995441e-05,1.24639465663e-05,3.77525729492e-05,,,,,,,
no2_sensitivity,NO2 spatial sensitivity,no2_spatial_domain,,,,,,,khor_fakkan_subregion_sensitivity,30,acute_full,2.3230286243e-05,-2.49144132557e-05,6.26791628542e-05,,,,,,,
no2_sensitivity,NO2 spatial sensitivity,no2_spatial_domain,,,,,,,khor_fakkan_subregion_sensitivity,30,late_phase,1.68126861742e-05,7.02954017582e-06,2.88523144225e-05,,,,,,,
no2_sensitivity,NO2 spatial sensitivity,no2_spatial_domain,,,,,,,fujairah_khor_fakkan_east_coast_cluster,20,acute_full,2.36079887853e-05,-2.49033529078e-05,6.67249318712e-05,,,,,,,
no2_sensitivity,NO2 spatial sensitivity,no2_spatial_domain,,,,,,,fujairah_khor_fakkan_east_coast_cluster,20,late_phase,1.62353529765e-05,7.01800740017e-06,2.64944817852e-05,,,,,,,
six_item_recurrence,,,,,,,,,,,,,,,2022,true,true,false,false,false,true
six_item_recurrence,,,,,,,,,,,,,,,2023,true,true,false,true,false,false
six_item_recurrence,,,,,,,,,,,,,,,2024,true,true,true,true,true,false
six_item_recurrence,,,,,,,,,,,,,,,2025,false,false,true,true,false,true
six_item_recurrence,,,,,,,,,,,,,,,2026,true,true,true,true,true,true
