source_section,record_type,utc_date,fixed_window,portwatch_current_calls,portwatch_historical_same_calendar_mean,pair_id,platform,orbit_direction,relative_orbit_number,scene_group_count,minimum_matched_historical_year_count,primary_timeline_eligible,sar_current_density_per_100_km2,sar_historical_matched_median_density_per_100_km2,matching_tolerance_days,analysis_id,buffer_km,phase,phase_label,calendar_days_2026,no2_valid_days_2026,no2_missing_or_ineligible_days_2026,no2_mean_anomaly_mol_m2,no2_median_anomaly_mol_m2,no2_equal_year_historical_mean_mol_m2,no2_change_vs_historical_mol_m2,no2_percent_change_vs_historical,no2_mean_leave_2026_03_17_out_mol_m2,no2_leave_march17_percent_change_from_primary_mean,mean_population_coverage_fraction,meteorological_normalization_reliable_all_valid_days,historical_valid_days_by_year_json,no2_current_bootstrap_ci95_lower,no2_current_bootstrap_ci95_upper,no2_change_vs_historical_bootstrap_ci95_lower,no2_change_vs_historical_bootstrap_ci95_upper,no2_percent_change_vs_historical_bootstrap_ci95_lower,no2_percent_change_vs_historical_bootstrap_ci95_upper,no2_direction_vs_historical,no2_bootstrap_interval_excludes_zero,year,year_role,tolerance_days,port_baseline_calendar_days,port_baseline_valid_days,port_baseline_missing_days,port_baseline_zero_days,port_baseline_mean_calls_per_day,port_acute_calendar_days,port_acute_valid_days,port_acute_missing_days,port_acute_zero_days,port_acute_mean_calls_per_day,port_change_calls_per_day,port_percent_change,port_percent_status,sar_baseline_eligible_dates,sar_baseline_relative_orbits,sar_baseline_median_labels_per_100_km2,sar_acute_eligible_dates,sar_acute_relative_orbits,sar_acute_median_labels_per_100_km2,sar_change_labels_per_100_km2,sar_percent_change,port_ci95_lower,port_ci95_median,port_ci95_upper,sar_ci95_lower,sar_ci95_median,sar_ci95_upper,contrast_id,q025,q500,q975,effective_replicates,bootstrap_seed,post_result_selected_case
retained_figure_content,daily_port,2026-01-01 00:00:00+00:00,baseline,0.0,2.0,,,,,,,,,,,,,,,,,,,,,,,,,,,,,,,,,,,,,,,,,,,,,,,,,,,,,,,,,,,,,,,,,,,,,,,,
retained_figure_content,daily_port,2026-01-02 00:00:00+00:00,baseline,0.0,0.5,,,,,,,,,,,,,,,,,,,,,,,,,,,,,,,,,,,,,,,,,,,,,,,,,,,,,,,,,,,,,,,,,,,,,,,,
retained_figure_content,daily_port,2026-01-03 00:00:00+00:00,baseline,1.0,2.25,,,,,,,,,,,,,,,,,,,,,,,,,,,,,,,,,,,,,,,,,,,,,,,,,,,,,,,,,,,,,,,,,,,,,,,,
retained_figure_content,daily_port,2026-01-04 00:00:00+00:00,baseline,1.0,1.0,,,,,,,,,,,,,,,,,,,,,,,,,,,,,,,,,,,,,,,,,,,,,,,,,,,,,,,,,,,,,,,,,,,,,,,,
retained_figure_content,daily_port,2026-01-05 00:00:00+00:00,baseline,1.0,1.0,,,,,,,,,,,,,,,,,,,,,,,,,,,,,,,,,,,,,,,,,,,,,,,,,,,,,,,,,,,,,,,,,,,,,,,,
retained_figure_content,daily_port,2026-01-06 00:00:00+00:00,baseline,2.0,0.75,,,,,,,,,,,,,,,,,,,,,,,,,,,,,,,,,,,,,,,,,,,,,,,,,,,,,,,,,,,,,,,,,,,,,,,,
retained_figure_content,daily_port,2026-01-07 00:00:00+00:00,baseline,0.0,0.75,,,,,,,,,,,,,,,,,,,,,,,,,,,,,,,,,,,,,,,,,,,,,,,,,,,,,,,,,,,,,,,,,,,,,,,,
retained_figure_content,daily_port,2026-01-08 00:00:00+00:00,baseline,0.0,0.5,,,,,,,,,,,,,,,,,,,,,,,,,,,,,,,,,,,,,,,,,,,,,,,,,,,,,,,,,,,,,,,,,,,,,,,,
retained_figure_content,daily_port,2026-01-09 00:00:00+00:00,baseline,1.0,0.5,,,,,,,,,,,,,,,,,,,,,,,,,,,,,,,,,,,,,,,,,,,,,,,,,,,,,,,,,,,,,,,,,,,,,,,,
retained_figure_content,daily_port,2026-01-10 00:00:00+00:00,baseline,1.0,2.0,,,,,,,,,,,,,,,,,,,,,,,,,,,,,,,,,,,,,,,,,,,,,,,,,,,,,,,,,,,,,,,,,,,,,,,,
retained_figure_content,daily_port,2026-01-11 00:00:00+00:00,baseline,0.0,1.0,,,,,,,,,,,,,,,,,,,,,,,,,,,,,,,,,,,,,,,,,,,,,,,,,,,,,,,,,,,,,,,,,,,,,,,,
retained_figure_content,daily_port,2026-01-12 00:00:00+00:00,baseline,0.0,1.5,,,,,,,,,,,,,,,,,,,,,,,,,,,,,,,,,,,,,,,,,,,,,,,,,,,,,,,,,,,,,,,,,,,,,,,,
retained_figure_content,daily_port,2026-01-13 00:00:00+00:00,baseline,0.0,2.0,,,,,,,,,,,,,,,,,,,,,,,,,,,,,,,,,,,,,,,,,,,,,,,,,,,,,,,,,,,,,,,,,,,,,,,,
retained_figure_content,daily_port,2026-01-14 00:00:00+00:00,baseline,2.0,0.5,,,,,,,,,,,,,,,,,,,,,,,,,,,,,,,,,,,,,,,,,,,,,,,,,,,,,,,,,,,,,,,,,,,,,,,,
retained_figure_content,daily_port,2026-01-15 00:00:00+00:00,baseline,2.0,1.25,,,,,,,,,,,,,,,,,,,,,,,,,,,,,,,,,,,,,,,,,,,,,,,,,,,,,,,,,,,,,,,,,,,,,,,,
retained_figure_content,daily_port,2026-01-16 00:00:00+00:00,baseline,0.0,0.5,,,,,,,,,,,,,,,,,,,,,,,,,,,,,,,,,,,,,,,,,,,,,,,,,,,,,,,,,,,,,,,,,,,,,,,,
retained_figure_content,daily_port,2026-01-17 00:00:00+00:00,baseline,1.0,2.5,,,,,,,,,,,,,,,,,,,,,,,,,,,,,,,,,,,,,,,,,,,,,,,,,,,,,,,,,,,,,,,,,,,,,,,,
retained_figure_content,daily_port,2026-01-18 00:00:00+00:00,baseline,0.0,0.5,,,,,,,,,,,,,,,,,,,,,,,,,,,,,,,,,,,,,,,,,,,,,,,,,,,,,,,,,,,,,,,,,,,,,,,,
retained_figure_content,daily_port,2026-01-19 00:00:00+00:00,baseline,2.0,1.75,,,,,,,,,,,,,,,,,,,,,,,,,,,,,,,,,,,,,,,,,,,,,,,,,,,,,,,,,,,,,,,,,,,,,,,,
retained_figure_content,daily_port,2026-01-20 00:00:00+00:00,baseline,0.0,2.0,,,,,,,,,,,,,,,,,,,,,,,,,,,,,,,,,,,,,,,,,,,,,,,,,,,,,,,,,,,,,,,,,,,,,,,,
retained_figure_content,daily_port,2026-01-21 00:00:00+00:00,baseline,0.0,0.5,,,,,,,,,,,,,,,,,,,,,,,,,,,,,,,,,,,,,,,,,,,,,,,,,,,,,,,,,,,,,,,,,,,,,,,,
retained_figure_content,daily_port,2026-01-22 00:00:00+00:00,baseline,1.0,1.0,,,,,,,,,,,,,,,,,,,,,,,,,,,,,,,,,,,,,,,,,,,,,,,,,,,,,,,,,,,,,,,,,,,,,,,,
retained_figure_content,daily_port,2026-01-23 00:00:00+00:00,baseline,2.0,1.25,,,,,,,,,,,,,,,,,,,,,,,,,,,,,,,,,,,,,,,,,,,,,,,,,,,,,,,,,,,,,,,,,,,,,,,,
retained_figure_content,daily_port,2026-01-24 00:00:00+00:00,baseline,2.0,1.75,,,,,,,,,,,,,,,,,,,,,,,,,,,,,,,,,,,,,,,,,,,,,,,,,,,,,,,,,,,,,,,,,,,,,,,,
retained_figure_content,daily_port,2026-01-25 00:00:00+00:00,baseline,1.0,1.0,,,,,,,,,,,,,,,,,,,,,,,,,,,,,,,,,,,,,,,,,,,,,,,,,,,,,,,,,,,,,,,,,,,,,,,,
retained_figure_content,daily_port,2026-01-26 00:00:00+00:00,baseline,0.0,1.75,,,,,,,,,,,,,,,,,,,,,,,,,,,,,,,,,,,,,,,,,,,,,,,,,,,,,,,,,,,,,,,,,,,,,,,,
retained_figure_content,daily_port,2026-01-27 00:00:00+00:00,baseline,2.0,1.75,,,,,,,,,,,,,,,,,,,,,,,,,,,,,,,,,,,,,,,,,,,,,,,,,,,,,,,,,,,,,,,,,,,,,,,,
retained_figure_content,daily_port,2026-01-28 00:00:00+00:00,baseline,1.0,1.75,,,,,,,,,,,,,,,,,,,,,,,,,,,,,,,,,,,,,,,,,,,,,,,,,,,,,,,,,,,,,,,,,,,,,,,,
retained_figure_content,daily_port,2026-01-29 00:00:00+00:00,baseline,1.0,1.5,,,,,,,,,,,,,,,,,,,,,,,,,,,,,,,,,,,,,,,,,,,,,,,,,,,,,,,,,,,,,,,,,,,,,,,,
retained_figure_content,daily_port,2026-01-30 00:00:00+00:00,baseline,2.0,1.25,,,,,,,,,,,,,,,,,,,,,,,,,,,,,,,,,,,,,,,,,,,,,,,,,,,,,,,,,,,,,,,,,,,,,,,,
retained_figure_content,daily_port,2026-01-31 00:00:00+00:00,baseline,0.0,1.0,,,,,,,,,,,,,,,,,,,,,,,,,,,,,,,,,,,,,,,,,,,,,,,,,,,,,,,,,,,,,,,,,,,,,,,,
retained_figure_content,daily_port,2026-02-01 00:00:00+00:00,baseline,0.0,2.5,,,,,,,,,,,,,,,,,,,,,,,,,,,,,,,,,,,,,,,,,,,,,,,,,,,,,,,,,,,,,,,,,,,,,,,,
retained_figure_content,daily_port,2026-02-02 00:00:00+00:00,baseline,4.0,1.0,,,,,,,,,,,,,,,,,,,,,,,,,,,,,,,,,,,,,,,,,,,,,,,,,,,,,,,,,,,,,,,,,,,,,,,,
retained_figure_content,daily_port,2026-02-03 00:00:00+00:00,baseline,1.0,0.75,,,,,,,,,,,,,,,,,,,,,,,,,,,,,,,,,,,,,,,,,,,,,,,,,,,,,,,,,,,,,,,,,,,,,,,,
retained_figure_content,daily_port,2026-02-04 00:00:00+00:00,baseline,1.0,2.0,,,,,,,,,,,,,,,,,,,,,,,,,,,,,,,,,,,,,,,,,,,,,,,,,,,,,,,,,,,,,,,,,,,,,,,,
retained_figure_content,daily_port,2026-02-05 00:00:00+00:00,baseline,0.0,2.0,,,,,,,,,,,,,,,,,,,,,,,,,,,,,,,,,,,,,,,,,,,,,,,,,,,,,,,,,,,,,,,,,,,,,,,,
retained_figure_content,daily_port,2026-02-06 00:00:00+00:00,baseline,0.0,1.0,,,,,,,,,,,,,,,,,,,,,,,,,,,,,,,,,,,,,,,,,,,,,,,,,,,,,,,,,,,,,,,,,,,,,,,,
retained_figure_content,daily_port,2026-02-07 00:00:00+00:00,baseline,0.0,0.5,,,,,,,,,,,,,,,,,,,,,,,,,,,,,,,,,,,,,,,,,,,,,,,,,,,,,,,,,,,,,,,,,,,,,,,,
retained_figure_content,daily_port,2026-02-08 00:00:00+00:00,baseline,1.0,1.75,,,,,,,,,,,,,,,,,,,,,,,,,,,,,,,,,,,,,,,,,,,,,,,,,,,,,,,,,,,,,,,,,,,,,,,,
retained_figure_content,daily_port,2026-02-09 00:00:00+00:00,baseline,0.0,1.5,,,,,,,,,,,,,,,,,,,,,,,,,,,,,,,,,,,,,,,,,,,,,,,,,,,,,,,,,,,,,,,,,,,,,,,,
retained_figure_content,daily_port,2026-02-10 00:00:00+00:00,baseline,0.0,1.75,,,,,,,,,,,,,,,,,,,,,,,,,,,,,,,,,,,,,,,,,,,,,,,,,,,,,,,,,,,,,,,,,,,,,,,,
retained_figure_content,daily_port,2026-02-11 00:00:00+00:00,baseline,1.0,0.5,,,,,,,,,,,,,,,,,,,,,,,,,,,,,,,,,,,,,,,,,,,,,,,,,,,,,,,,,,,,,,,,,,,,,,,,
retained_figure_content,daily_port,2026-02-12 00:00:00+00:00,baseline,0.0,1.0,,,,,,,,,,,,,,,,,,,,,,,,,,,,,,,,,,,,,,,,,,,,,,,,,,,,,,,,,,,,,,,,,,,,,,,,
retained_figure_content,daily_port,2026-02-13 00:00:00+00:00,baseline,0.0,2.0,,,,,,,,,,,,,,,,,,,,,,,,,,,,,,,,,,,,,,,,,,,,,,,,,,,,,,,,,,,,,,,,,,,,,,,,
retained_figure_content,daily_port,2026-02-14 00:00:00+00:00,baseline,0.0,1.25,,,,,,,,,,,,,,,,,,,,,,,,,,,,,,,,,,,,,,,,,,,,,,,,,,,,,,,,,,,,,,,,,,,,,,,,
retained_figure_content,daily_port,2026-02-15 00:00:00+00:00,baseline,0.0,2.0,,,,,,,,,,,,,,,,,,,,,,,,,,,,,,,,,,,,,,,,,,,,,,,,,,,,,,,,,,,,,,,,,,,,,,,,
retained_figure_content,daily_port,2026-02-16 00:00:00+00:00,baseline,0.0,1.75,,,,,,,,,,,,,,,,,,,,,,,,,,,,,,,,,,,,,,,,,,,,,,,,,,,,,,,,,,,,,,,,,,,,,,,,
retained_figure_content,daily_port,2026-02-17 00:00:00+00:00,baseline,2.0,0.75,,,,,,,,,,,,,,,,,,,,,,,,,,,,,,,,,,,,,,,,,,,,,,,,,,,,,,,,,,,,,,,,,,,,,,,,
retained_figure_content,daily_port,2026-02-18 00:00:00+00:00,baseline,0.0,1.25,,,,,,,,,,,,,,,,,,,,,,,,,,,,,,,,,,,,,,,,,,,,,,,,,,,,,,,,,,,,,,,,,,,,,,,,
retained_figure_content,daily_port,2026-02-19 00:00:00+00:00,baseline,3.0,0.5,,,,,,,,,,,,,,,,,,,,,,,,,,,,,,,,,,,,,,,,,,,,,,,,,,,,,,,,,,,,,,,,,,,,,,,,
retained_figure_content,daily_port,2026-02-20 00:00:00+00:00,baseline,1.0,2.25,,,,,,,,,,,,,,,,,,,,,,,,,,,,,,,,,,,,,,,,,,,,,,,,,,,,,,,,,,,,,,,,,,,,,,,,
retained_figure_content,daily_port,2026-02-21 00:00:00+00:00,baseline,1.0,0.25,,,,,,,,,,,,,,,,,,,,,,,,,,,,,,,,,,,,,,,,,,,,,,,,,,,,,,,,,,,,,,,,,,,,,,,,
retained_figure_content,daily_port,2026-02-22 00:00:00+00:00,baseline,1.0,1.25,,,,,,,,,,,,,,,,,,,,,,,,,,,,,,,,,,,,,,,,,,,,,,,,,,,,,,,,,,,,,,,,,,,,,,,,
retained_figure_content,daily_port,2026-02-23 00:00:00+00:00,baseline,2.0,2.0,,,,,,,,,,,,,,,,,,,,,,,,,,,,,,,,,,,,,,,,,,,,,,,,,,,,,,,,,,,,,,,,,,,,,,,,
retained_figure_content,daily_port,2026-02-24 00:00:00+00:00,baseline,1.0,1.0,,,,,,,,,,,,,,,,,,,,,,,,,,,,,,,,,,,,,,,,,,,,,,,,,,,,,,,,,,,,,,,,,,,,,,,,
retained_figure_content,daily_port,2026-02-25 00:00:00+00:00,baseline,0.0,1.75,,,,,,,,,,,,,,,,,,,,,,,,,,,,,,,,,,,,,,,,,,,,,,,,,,,,,,,,,,,,,,,,,,,,,,,,
retained_figure_content,daily_port,2026-02-26 00:00:00+00:00,baseline,1.0,1.0,,,,,,,,,,,,,,,,,,,,,,,,,,,,,,,,,,,,,,,,,,,,,,,,,,,,,,,,,,,,,,,,,,,,,,,,
retained_figure_content,daily_port,2026-02-27 00:00:00+00:00,baseline,3.0,1.0,,,,,,,,,,,,,,,,,,,,,,,,,,,,,,,,,,,,,,,,,,,,,,,,,,,,,,,,,,,,,,,,,,,,,,,,
retained_figure_content,daily_port,2026-02-28 00:00:00+00:00,baseline,0.0,1.5,,,,,,,,,,,,,,,,,,,,,,,,,,,,,,,,,,,,,,,,,,,,,,,,,,,,,,,,,,,,,,,,,,,,,,,,
retained_figure_content,daily_port,2026-03-01 00:00:00+00:00,early,2.0,1.0,,,,,,,,,,,,,,,,,,,,,,,,,,,,,,,,,,,,,,,,,,,,,,,,,,,,,,,,,,,,,,,,,,,,,,,,
retained_figure_content,daily_port,2026-03-02 00:00:00+00:00,early,2.0,1.0,,,,,,,,,,,,,,,,,,,,,,,,,,,,,,,,,,,,,,,,,,,,,,,,,,,,,,,,,,,,,,,,,,,,,,,,
retained_figure_content,daily_port,2026-03-03 00:00:00+00:00,early,0.0,0.75,,,,,,,,,,,,,,,,,,,,,,,,,,,,,,,,,,,,,,,,,,,,,,,,,,,,,,,,,,,,,,,,,,,,,,,,
retained_figure_content,daily_port,2026-03-04 00:00:00+00:00,early,0.0,1.75,,,,,,,,,,,,,,,,,,,,,,,,,,,,,,,,,,,,,,,,,,,,,,,,,,,,,,,,,,,,,,,,,,,,,,,,
retained_figure_content,daily_port,2026-03-05 00:00:00+00:00,early,0.0,1.0,,,,,,,,,,,,,,,,,,,,,,,,,,,,,,,,,,,,,,,,,,,,,,,,,,,,,,,,,,,,,,,,,,,,,,,,
retained_figure_content,daily_port,2026-03-06 00:00:00+00:00,early,0.0,0.5,,,,,,,,,,,,,,,,,,,,,,,,,,,,,,,,,,,,,,,,,,,,,,,,,,,,,,,,,,,,,,,,,,,,,,,,
retained_figure_content,daily_port,2026-03-07 00:00:00+00:00,early,0.0,1.75,,,,,,,,,,,,,,,,,,,,,,,,,,,,,,,,,,,,,,,,,,,,,,,,,,,,,,,,,,,,,,,,,,,,,,,,
retained_figure_content,daily_port,2026-03-08 00:00:00+00:00,early,0.0,0.75,,,,,,,,,,,,,,,,,,,,,,,,,,,,,,,,,,,,,,,,,,,,,,,,,,,,,,,,,,,,,,,,,,,,,,,,
retained_figure_content,daily_port,2026-03-09 00:00:00+00:00,early,0.0,1.5,,,,,,,,,,,,,,,,,,,,,,,,,,,,,,,,,,,,,,,,,,,,,,,,,,,,,,,,,,,,,,,,,,,,,,,,
retained_figure_content,daily_port,2026-03-10 00:00:00+00:00,early,0.0,1.0,,,,,,,,,,,,,,,,,,,,,,,,,,,,,,,,,,,,,,,,,,,,,,,,,,,,,,,,,,,,,,,,,,,,,,,,
retained_figure_content,daily_port,2026-03-11 00:00:00+00:00,early,0.0,2.0,,,,,,,,,,,,,,,,,,,,,,,,,,,,,,,,,,,,,,,,,,,,,,,,,,,,,,,,,,,,,,,,,,,,,,,,
retained_figure_content,daily_port,2026-03-12 00:00:00+00:00,early,2.0,1.0,,,,,,,,,,,,,,,,,,,,,,,,,,,,,,,,,,,,,,,,,,,,,,,,,,,,,,,,,,,,,,,,,,,,,,,,
retained_figure_content,daily_port,2026-03-13 00:00:00+00:00,early,0.0,0.75,,,,,,,,,,,,,,,,,,,,,,,,,,,,,,,,,,,,,,,,,,,,,,,,,,,,,,,,,,,,,,,,,,,,,,,,
retained_figure_content,daily_port,2026-03-14 00:00:00+00:00,early,2.0,1.5,,,,,,,,,,,,,,,,,,,,,,,,,,,,,,,,,,,,,,,,,,,,,,,,,,,,,,,,,,,,,,,,,,,,,,,,
retained_figure_content,daily_port,2026-03-15 00:00:00+00:00,F1,0.0,1.75,,,,,,,,,,,,,,,,,,,,,,,,,,,,,,,,,,,,,,,,,,,,,,,,,,,,,,,,,,,,,,,,,,,,,,,,
retained_figure_content,daily_port,2026-03-16 00:00:00+00:00,F1,1.0,1.0,,,,,,,,,,,,,,,,,,,,,,,,,,,,,,,,,,,,,,,,,,,,,,,,,,,,,,,,,,,,,,,,,,,,,,,,
retained_figure_content,daily_port,2026-03-17 00:00:00+00:00,F1,0.0,0.75,,,,,,,,,,,,,,,,,,,,,,,,,,,,,,,,,,,,,,,,,,,,,,,,,,,,,,,,,,,,,,,,,,,,,,,,
retained_figure_content,daily_port,2026-03-18 00:00:00+00:00,F1,0.0,1.5,,,,,,,,,,,,,,,,,,,,,,,,,,,,,,,,,,,,,,,,,,,,,,,,,,,,,,,,,,,,,,,,,,,,,,,,
retained_figure_content,daily_port,2026-03-19 00:00:00+00:00,F1,0.0,0.75,,,,,,,,,,,,,,,,,,,,,,,,,,,,,,,,,,,,,,,,,,,,,,,,,,,,,,,,,,,,,,,,,,,,,,,,
retained_figure_content,daily_port,2026-03-20 00:00:00+00:00,F1,0.0,1.75,,,,,,,,,,,,,,,,,,,,,,,,,,,,,,,,,,,,,,,,,,,,,,,,,,,,,,,,,,,,,,,,,,,,,,,,
retained_figure_content,daily_port,2026-03-21 00:00:00+00:00,F1,0.0,1.25,,,,,,,,,,,,,,,,,,,,,,,,,,,,,,,,,,,,,,,,,,,,,,,,,,,,,,,,,,,,,,,,,,,,,,,,
retained_figure_content,daily_port,2026-03-22 00:00:00+00:00,F1,0.0,1.25,,,,,,,,,,,,,,,,,,,,,,,,,,,,,,,,,,,,,,,,,,,,,,,,,,,,,,,,,,,,,,,,,,,,,,,,
retained_figure_content,daily_port,2026-03-23 00:00:00+00:00,F1,0.0,0.75,,,,,,,,,,,,,,,,,,,,,,,,,,,,,,,,,,,,,,,,,,,,,,,,,,,,,,,,,,,,,,,,,,,,,,,,
retained_figure_content,daily_port,2026-03-24 00:00:00+00:00,F1,0.0,1.0,,,,,,,,,,,,,,,,,,,,,,,,,,,,,,,,,,,,,,,,,,,,,,,,,,,,,,,,,,,,,,,,,,,,,,,,
retained_figure_content,daily_port,2026-03-25 00:00:00+00:00,F1,0.0,1.5,,,,,,,,,,,,,,,,,,,,,,,,,,,,,,,,,,,,,,,,,,,,,,,,,,,,,,,,,,,,,,,,,,,,,,,,
retained_figure_content,daily_port,2026-03-26 00:00:00+00:00,F1,1.0,1.25,,,,,,,,,,,,,,,,,,,,,,,,,,,,,,,,,,,,,,,,,,,,,,,,,,,,,,,,,,,,,,,,,,,,,,,,
retained_figure_content,daily_port,2026-03-27 00:00:00+00:00,F1,0.0,1.0,,,,,,,,,,,,,,,,,,,,,,,,,,,,,,,,,,,,,,,,,,,,,,,,,,,,,,,,,,,,,,,,,,,,,,,,
retained_figure_content,daily_port,2026-03-28 00:00:00+00:00,F1,1.0,0.75,,,,,,,,,,,,,,,,,,,,,,,,,,,,,,,,,,,,,,,,,,,,,,,,,,,,,,,,,,,,,,,,,,,,,,,,
retained_figure_content,daily_port,2026-03-29 00:00:00+00:00,F2,1.0,0.5,,,,,,,,,,,,,,,,,,,,,,,,,,,,,,,,,,,,,,,,,,,,,,,,,,,,,,,,,,,,,,,,,,,,,,,,
retained_figure_content,daily_port,2026-03-30 00:00:00+00:00,F2,1.0,3.25,,,,,,,,,,,,,,,,,,,,,,,,,,,,,,,,,,,,,,,,,,,,,,,,,,,,,,,,,,,,,,,,,,,,,,,,
retained_figure_content,daily_port,2026-03-31 00:00:00+00:00,F2,0.0,1.25,,,,,,,,,,,,,,,,,,,,,,,,,,,,,,,,,,,,,,,,,,,,,,,,,,,,,,,,,,,,,,,,,,,,,,,,
retained_figure_content,daily_port,2026-04-01 00:00:00+00:00,F2,0.0,1.25,,,,,,,,,,,,,,,,,,,,,,,,,,,,,,,,,,,,,,,,,,,,,,,,,,,,,,,,,,,,,,,,,,,,,,,,
retained_figure_content,daily_port,2026-04-02 00:00:00+00:00,F2,1.0,1.0,,,,,,,,,,,,,,,,,,,,,,,,,,,,,,,,,,,,,,,,,,,,,,,,,,,,,,,,,,,,,,,,,,,,,,,,
retained_figure_content,daily_port,2026-04-03 00:00:00+00:00,F2,0.0,1.0,,,,,,,,,,,,,,,,,,,,,,,,,,,,,,,,,,,,,,,,,,,,,,,,,,,,,,,,,,,,,,,,,,,,,,,,
retained_figure_content,daily_port,2026-04-04 00:00:00+00:00,F2,1.0,1.5,,,,,,,,,,,,,,,,,,,,,,,,,,,,,,,,,,,,,,,,,,,,,,,,,,,,,,,,,,,,,,,,,,,,,,,,
retained_figure_content,daily_port,2026-04-05 00:00:00+00:00,F2,1.0,1.0,,,,,,,,,,,,,,,,,,,,,,,,,,,,,,,,,,,,,,,,,,,,,,,,,,,,,,,,,,,,,,,,,,,,,,,,
retained_figure_content,daily_port,2026-04-06 00:00:00+00:00,F2,0.0,1.5,,,,,,,,,,,,,,,,,,,,,,,,,,,,,,,,,,,,,,,,,,,,,,,,,,,,,,,,,,,,,,,,,,,,,,,,
retained_figure_content,daily_port,2026-04-07 00:00:00+00:00,F2,0.0,1.5,,,,,,,,,,,,,,,,,,,,,,,,,,,,,,,,,,,,,,,,,,,,,,,,,,,,,,,,,,,,,,,,,,,,,,,,
retained_figure_content,daily_port,2026-04-08 00:00:00+00:00,F2,3.0,1.5,,,,,,,,,,,,,,,,,,,,,,,,,,,,,,,,,,,,,,,,,,,,,,,,,,,,,,,,,,,,,,,,,,,,,,,,
retained_figure_content,daily_port,2026-04-09 00:00:00+00:00,F2,0.0,1.25,,,,,,,,,,,,,,,,,,,,,,,,,,,,,,,,,,,,,,,,,,,,,,,,,,,,,,,,,,,,,,,,,,,,,,,,
retained_figure_content,daily_port,2026-04-10 00:00:00+00:00,F2,1.0,0.75,,,,,,,,,,,,,,,,,,,,,,,,,,,,,,,,,,,,,,,,,,,,,,,,,,,,,,,,,,,,,,,,,,,,,,,,
retained_figure_content,daily_port,2026-04-11 00:00:00+00:00,F2,2.0,1.0,,,,,,,,,,,,,,,,,,,,,,,,,,,,,,,,,,,,,,,,,,,,,,,,,,,,,,,,,,,,,,,,,,,,,,,,
retained_figure_content,daily_port,2026-04-12 00:00:00+00:00,F3,1.0,2.25,,,,,,,,,,,,,,,,,,,,,,,,,,,,,,,,,,,,,,,,,,,,,,,,,,,,,,,,,,,,,,,,,,,,,,,,
retained_figure_content,daily_port,2026-04-13 00:00:00+00:00,F3,1.0,0.75,,,,,,,,,,,,,,,,,,,,,,,,,,,,,,,,,,,,,,,,,,,,,,,,,,,,,,,,,,,,,,,,,,,,,,,,
retained_figure_content,daily_port,2026-04-14 00:00:00+00:00,F3,0.0,1.75,,,,,,,,,,,,,,,,,,,,,,,,,,,,,,,,,,,,,,,,,,,,,,,,,,,,,,,,,,,,,,,,,,,,,,,,
retained_figure_content,daily_port,2026-04-15 00:00:00+00:00,F3,0.0,1.75,,,,,,,,,,,,,,,,,,,,,,,,,,,,,,,,,,,,,,,,,,,,,,,,,,,,,,,,,,,,,,,,,,,,,,,,
retained_figure_content,daily_port,2026-04-16 00:00:00+00:00,F3,1.0,1.0,,,,,,,,,,,,,,,,,,,,,,,,,,,,,,,,,,,,,,,,,,,,,,,,,,,,,,,,,,,,,,,,,,,,,,,,
retained_figure_content,daily_port,2026-04-17 00:00:00+00:00,F3,0.0,0.75,,,,,,,,,,,,,,,,,,,,,,,,,,,,,,,,,,,,,,,,,,,,,,,,,,,,,,,,,,,,,,,,,,,,,,,,
retained_figure_content,daily_port,2026-04-18 00:00:00+00:00,F3,1.0,0.5,,,,,,,,,,,,,,,,,,,,,,,,,,,,,,,,,,,,,,,,,,,,,,,,,,,,,,,,,,,,,,,,,,,,,,,,
retained_figure_content,daily_port,2026-04-19 00:00:00+00:00,F3,1.0,1.5,,,,,,,,,,,,,,,,,,,,,,,,,,,,,,,,,,,,,,,,,,,,,,,,,,,,,,,,,,,,,,,,,,,,,,,,
retained_figure_content,daily_port,2026-04-20 00:00:00+00:00,F3,3.0,1.0,,,,,,,,,,,,,,,,,,,,,,,,,,,,,,,,,,,,,,,,,,,,,,,,,,,,,,,,,,,,,,,,,,,,,,,,
retained_figure_content,daily_port,2026-04-21 00:00:00+00:00,F3,0.0,1.0,,,,,,,,,,,,,,,,,,,,,,,,,,,,,,,,,,,,,,,,,,,,,,,,,,,,,,,,,,,,,,,,,,,,,,,,
retained_figure_content,daily_port,2026-04-22 00:00:00+00:00,F3,1.0,0.75,,,,,,,,,,,,,,,,,,,,,,,,,,,,,,,,,,,,,,,,,,,,,,,,,,,,,,,,,,,,,,,,,,,,,,,,
retained_figure_content,daily_port,2026-04-23 00:00:00+00:00,F3,1.0,0.75,,,,,,,,,,,,,,,,,,,,,,,,,,,,,,,,,,,,,,,,,,,,,,,,,,,,,,,,,,,,,,,,,,,,,,,,
retained_figure_content,daily_port,2026-04-24 00:00:00+00:00,F3,2.0,1.5,,,,,,,,,,,,,,,,,,,,,,,,,,,,,,,,,,,,,,,,,,,,,,,,,,,,,,,,,,,,,,,,,,,,,,,,
retained_figure_content,daily_port,2026-04-25 00:00:00+00:00,F3,1.0,1.25,,,,,,,,,,,,,,,,,,,,,,,,,,,,,,,,,,,,,,,,,,,,,,,,,,,,,,,,,,,,,,,,,,,,,,,,
retained_figure_content,daily_port,2026-04-26 00:00:00+00:00,F4_tail,2.0,0.75,,,,,,,,,,,,,,,,,,,,,,,,,,,,,,,,,,,,,,,,,,,,,,,,,,,,,,,,,,,,,,,,,,,,,,,,
retained_figure_content,daily_port,2026-04-27 00:00:00+00:00,F4_tail,1.0,0.75,,,,,,,,,,,,,,,,,,,,,,,,,,,,,,,,,,,,,,,,,,,,,,,,,,,,,,,,,,,,,,,,,,,,,,,,
retained_figure_content,daily_port,2026-04-28 00:00:00+00:00,F4_tail,1.0,1.5,,,,,,,,,,,,,,,,,,,,,,,,,,,,,,,,,,,,,,,,,,,,,,,,,,,,,,,,,,,,,,,,,,,,,,,,
retained_figure_content,daily_port,2026-04-29 00:00:00+00:00,F4_tail,2.0,1.25,,,,,,,,,,,,,,,,,,,,,,,,,,,,,,,,,,,,,,,,,,,,,,,,,,,,,,,,,,,,,,,,,,,,,,,,
retained_figure_content,daily_port,2026-04-30 00:00:00+00:00,F4_tail,1.0,1.0,,,,,,,,,,,,,,,,,,,,,,,,,,,,,,,,,,,,,,,,,,,,,,,,,,,,,,,,,,,,,,,,,,,,,,,,
retained_figure_content,daily_port,2026-05-01 00:00:00+00:00,May,2.0,0.5,,,,,,,,,,,,,,,,,,,,,,,,,,,,,,,,,,,,,,,,,,,,,,,,,,,,,,,,,,,,,,,,,,,,,,,,
retained_figure_content,daily_port,2026-05-02 00:00:00+00:00,May,3.0,0.5,,,,,,,,,,,,,,,,,,,,,,,,,,,,,,,,,,,,,,,,,,,,,,,,,,,,,,,,,,,,,,,,,,,,,,,,
retained_figure_content,daily_port,2026-05-03 00:00:00+00:00,May,1.0,1.75,,,,,,,,,,,,,,,,,,,,,,,,,,,,,,,,,,,,,,,,,,,,,,,,,,,,,,,,,,,,,,,,,,,,,,,,
retained_figure_content,daily_port,2026-05-04 00:00:00+00:00,May,0.0,0.5,,,,,,,,,,,,,,,,,,,,,,,,,,,,,,,,,,,,,,,,,,,,,,,,,,,,,,,,,,,,,,,,,,,,,,,,
retained_figure_content,daily_port,2026-05-05 00:00:00+00:00,May,1.0,1.5,,,,,,,,,,,,,,,,,,,,,,,,,,,,,,,,,,,,,,,,,,,,,,,,,,,,,,,,,,,,,,,,,,,,,,,,
retained_figure_content,daily_port,2026-05-06 00:00:00+00:00,May,1.0,1.25,,,,,,,,,,,,,,,,,,,,,,,,,,,,,,,,,,,,,,,,,,,,,,,,,,,,,,,,,,,,,,,,,,,,,,,,
retained_figure_content,daily_port,2026-05-07 00:00:00+00:00,May,2.0,1.25,,,,,,,,,,,,,,,,,,,,,,,,,,,,,,,,,,,,,,,,,,,,,,,,,,,,,,,,,,,,,,,,,,,,,,,,
retained_figure_content,daily_port,2026-05-08 00:00:00+00:00,May,3.0,1.75,,,,,,,,,,,,,,,,,,,,,,,,,,,,,,,,,,,,,,,,,,,,,,,,,,,,,,,,,,,,,,,,,,,,,,,,
retained_figure_content,daily_port,2026-05-09 00:00:00+00:00,May,0.0,1.0,,,,,,,,,,,,,,,,,,,,,,,,,,,,,,,,,,,,,,,,,,,,,,,,,,,,,,,,,,,,,,,,,,,,,,,,
retained_figure_content,daily_port,2026-05-10 00:00:00+00:00,May,2.0,1.0,,,,,,,,,,,,,,,,,,,,,,,,,,,,,,,,,,,,,,,,,,,,,,,,,,,,,,,,,,,,,,,,,,,,,,,,
retained_figure_content,daily_port,2026-05-11 00:00:00+00:00,May,2.0,2.0,,,,,,,,,,,,,,,,,,,,,,,,,,,,,,,,,,,,,,,,,,,,,,,,,,,,,,,,,,,,,,,,,,,,,,,,
retained_figure_content,daily_port,2026-05-12 00:00:00+00:00,May,0.0,0.5,,,,,,,,,,,,,,,,,,,,,,,,,,,,,,,,,,,,,,,,,,,,,,,,,,,,,,,,,,,,,,,,,,,,,,,,
retained_figure_content,daily_port,2026-05-13 00:00:00+00:00,May,3.0,1.0,,,,,,,,,,,,,,,,,,,,,,,,,,,,,,,,,,,,,,,,,,,,,,,,,,,,,,,,,,,,,,,,,,,,,,,,
retained_figure_content,daily_port,2026-05-14 00:00:00+00:00,May,3.0,1.0,,,,,,,,,,,,,,,,,,,,,,,,,,,,,,,,,,,,,,,,,,,,,,,,,,,,,,,,,,,,,,,,,,,,,,,,
retained_figure_content,daily_port,2026-05-15 00:00:00+00:00,May,1.0,1.75,,,,,,,,,,,,,,,,,,,,,,,,,,,,,,,,,,,,,,,,,,,,,,,,,,,,,,,,,,,,,,,,,,,,,,,,
retained_figure_content,daily_port,2026-05-16 00:00:00+00:00,May,1.0,3.0,,,,,,,,,,,,,,,,,,,,,,,,,,,,,,,,,,,,,,,,,,,,,,,,,,,,,,,,,,,,,,,,,,,,,,,,
retained_figure_content,daily_port,2026-05-17 00:00:00+00:00,May,2.0,0.0,,,,,,,,,,,,,,,,,,,,,,,,,,,,,,,,,,,,,,,,,,,,,,,,,,,,,,,,,,,,,,,,,,,,,,,,
retained_figure_content,daily_port,2026-05-18 00:00:00+00:00,May,0.0,0.75,,,,,,,,,,,,,,,,,,,,,,,,,,,,,,,,,,,,,,,,,,,,,,,,,,,,,,,,,,,,,,,,,,,,,,,,
retained_figure_content,daily_port,2026-05-19 00:00:00+00:00,May,1.0,1.25,,,,,,,,,,,,,,,,,,,,,,,,,,,,,,,,,,,,,,,,,,,,,,,,,,,,,,,,,,,,,,,,,,,,,,,,
retained_figure_content,daily_port,2026-05-20 00:00:00+00:00,May,1.0,0.75,,,,,,,,,,,,,,,,,,,,,,,,,,,,,,,,,,,,,,,,,,,,,,,,,,,,,,,,,,,,,,,,,,,,,,,,
retained_figure_content,daily_port,2026-05-21 00:00:00+00:00,May,0.0,0.75,,,,,,,,,,,,,,,,,,,,,,,,,,,,,,,,,,,,,,,,,,,,,,,,,,,,,,,,,,,,,,,,,,,,,,,,
retained_figure_content,daily_port,2026-05-22 00:00:00+00:00,May,0.0,1.0,,,,,,,,,,,,,,,,,,,,,,,,,,,,,,,,,,,,,,,,,,,,,,,,,,,,,,,,,,,,,,,,,,,,,,,,
retained_figure_content,daily_port,2026-05-23 00:00:00+00:00,May,4.0,2.0,,,,,,,,,,,,,,,,,,,,,,,,,,,,,,,,,,,,,,,,,,,,,,,,,,,,,,,,,,,,,,,,,,,,,,,,
retained_figure_content,daily_port,2026-05-24 00:00:00+00:00,May,1.0,1.25,,,,,,,,,,,,,,,,,,,,,,,,,,,,,,,,,,,,,,,,,,,,,,,,,,,,,,,,,,,,,,,,,,,,,,,,
retained_figure_content,daily_port,2026-05-25 00:00:00+00:00,May,0.0,1.0,,,,,,,,,,,,,,,,,,,,,,,,,,,,,,,,,,,,,,,,,,,,,,,,,,,,,,,,,,,,,,,,,,,,,,,,
retained_figure_content,daily_port,2026-05-26 00:00:00+00:00,May,2.0,2.25,,,,,,,,,,,,,,,,,,,,,,,,,,,,,,,,,,,,,,,,,,,,,,,,,,,,,,,,,,,,,,,,,,,,,,,,
retained_figure_content,daily_port,2026-05-27 00:00:00+00:00,May,1.0,1.0,,,,,,,,,,,,,,,,,,,,,,,,,,,,,,,,,,,,,,,,,,,,,,,,,,,,,,,,,,,,,,,,,,,,,,,,
retained_figure_content,daily_port,2026-05-28 00:00:00+00:00,May,1.0,1.0,,,,,,,,,,,,,,,,,,,,,,,,,,,,,,,,,,,,,,,,,,,,,,,,,,,,,,,,,,,,,,,,,,,,,,,,
retained_figure_content,daily_port,2026-05-29 00:00:00+00:00,May,0.0,2.25,,,,,,,,,,,,,,,,,,,,,,,,,,,,,,,,,,,,,,,,,,,,,,,,,,,,,,,,,,,,,,,,,,,,,,,,
retained_figure_content,daily_port,2026-05-30 00:00:00+00:00,May,0.0,1.5,,,,,,,,,,,,,,,,,,,,,,,,,,,,,,,,,,,,,,,,,,,,,,,,,,,,,,,,,,,,,,,,,,,,,,,,
retained_figure_content,daily_port,2026-05-31 00:00:00+00:00,May,1.0,1.0,,,,,,,,,,,,,,,,,,,,,,,,,,,,,,,,,,,,,,,,,,,,,,,,,,,,,,,,,,,,,,,,,,,,,,,,
retained_figure_content,daily_port,2026-06-01 00:00:00+00:00,June,1.0,1.5,,,,,,,,,,,,,,,,,,,,,,,,,,,,,,,,,,,,,,,,,,,,,,,,,,,,,,,,,,,,,,,,,,,,,,,,
retained_figure_content,daily_port,2026-06-02 00:00:00+00:00,June,4.0,1.5,,,,,,,,,,,,,,,,,,,,,,,,,,,,,,,,,,,,,,,,,,,,,,,,,,,,,,,,,,,,,,,,,,,,,,,,
retained_figure_content,daily_port,2026-06-03 00:00:00+00:00,June,2.0,1.75,,,,,,,,,,,,,,,,,,,,,,,,,,,,,,,,,,,,,,,,,,,,,,,,,,,,,,,,,,,,,,,,,,,,,,,,
retained_figure_content,daily_port,2026-06-04 00:00:00+00:00,June,2.0,1.25,,,,,,,,,,,,,,,,,,,,,,,,,,,,,,,,,,,,,,,,,,,,,,,,,,,,,,,,,,,,,,,,,,,,,,,,
retained_figure_content,daily_port,2026-06-05 00:00:00+00:00,June,1.0,1.0,,,,,,,,,,,,,,,,,,,,,,,,,,,,,,,,,,,,,,,,,,,,,,,,,,,,,,,,,,,,,,,,,,,,,,,,
retained_figure_content,daily_port,2026-06-06 00:00:00+00:00,June,1.0,1.25,,,,,,,,,,,,,,,,,,,,,,,,,,,,,,,,,,,,,,,,,,,,,,,,,,,,,,,,,,,,,,,,,,,,,,,,
retained_figure_content,daily_port,2026-06-07 00:00:00+00:00,June,1.0,1.25,,,,,,,,,,,,,,,,,,,,,,,,,,,,,,,,,,,,,,,,,,,,,,,,,,,,,,,,,,,,,,,,,,,,,,,,
retained_figure_content,daily_port,2026-06-08 00:00:00+00:00,June,3.0,0.75,,,,,,,,,,,,,,,,,,,,,,,,,,,,,,,,,,,,,,,,,,,,,,,,,,,,,,,,,,,,,,,,,,,,,,,,
retained_figure_content,daily_port,2026-06-09 00:00:00+00:00,June,0.0,1.25,,,,,,,,,,,,,,,,,,,,,,,,,,,,,,,,,,,,,,,,,,,,,,,,,,,,,,,,,,,,,,,,,,,,,,,,
retained_figure_content,daily_port,2026-06-10 00:00:00+00:00,June,3.0,1.0,,,,,,,,,,,,,,,,,,,,,,,,,,,,,,,,,,,,,,,,,,,,,,,,,,,,,,,,,,,,,,,,,,,,,,,,
retained_figure_content,daily_port,2026-06-11 00:00:00+00:00,June,3.0,1.0,,,,,,,,,,,,,,,,,,,,,,,,,,,,,,,,,,,,,,,,,,,,,,,,,,,,,,,,,,,,,,,,,,,,,,,,
retained_figure_content,daily_port,2026-06-12 00:00:00+00:00,June,2.0,1.0,,,,,,,,,,,,,,,,,,,,,,,,,,,,,,,,,,,,,,,,,,,,,,,,,,,,,,,,,,,,,,,,,,,,,,,,
retained_figure_content,daily_port,2026-06-13 00:00:00+00:00,June,0.0,1.75,,,,,,,,,,,,,,,,,,,,,,,,,,,,,,,,,,,,,,,,,,,,,,,,,,,,,,,,,,,,,,,,,,,,,,,,
retained_figure_content,daily_port,2026-06-14 00:00:00+00:00,June,1.0,0.5,,,,,,,,,,,,,,,,,,,,,,,,,,,,,,,,,,,,,,,,,,,,,,,,,,,,,,,,,,,,,,,,,,,,,,,,
retained_figure_content,daily_port,2026-06-15 00:00:00+00:00,June,0.0,1.75,,,,,,,,,,,,,,,,,,,,,,,,,,,,,,,,,,,,,,,,,,,,,,,,,,,,,,,,,,,,,,,,,,,,,,,,
retained_figure_content,daily_port,2026-06-16 00:00:00+00:00,June,3.0,1.25,,,,,,,,,,,,,,,,,,,,,,,,,,,,,,,,,,,,,,,,,,,,,,,,,,,,,,,,,,,,,,,,,,,,,,,,
retained_figure_content,daily_port,2026-06-17 00:00:00+00:00,June,0.0,1.5,,,,,,,,,,,,,,,,,,,,,,,,,,,,,,,,,,,,,,,,,,,,,,,,,,,,,,,,,,,,,,,,,,,,,,,,
retained_figure_content,daily_port,2026-06-18 00:00:00+00:00,June,3.0,1.25,,,,,,,,,,,,,,,,,,,,,,,,,,,,,,,,,,,,,,,,,,,,,,,,,,,,,,,,,,,,,,,,,,,,,,,,
retained_figure_content,daily_port,2026-06-19 00:00:00+00:00,June,0.0,1.25,,,,,,,,,,,,,,,,,,,,,,,,,,,,,,,,,,,,,,,,,,,,,,,,,,,,,,,,,,,,,,,,,,,,,,,,
retained_figure_content,daily_port,2026-06-20 00:00:00+00:00,June,0.0,1.0,,,,,,,,,,,,,,,,,,,,,,,,,,,,,,,,,,,,,,,,,,,,,,,,,,,,,,,,,,,,,,,,,,,,,,,,
retained_figure_content,daily_port,2026-06-21 00:00:00+00:00,June,2.0,1.5,,,,,,,,,,,,,,,,,,,,,,,,,,,,,,,,,,,,,,,,,,,,,,,,,,,,,,,,,,,,,,,,,,,,,,,,
retained_figure_content,daily_port,2026-06-22 00:00:00+00:00,June,2.0,1.0,,,,,,,,,,,,,,,,,,,,,,,,,,,,,,,,,,,,,,,,,,,,,,,,,,,,,,,,,,,,,,,,,,,,,,,,
retained_figure_content,daily_port,2026-06-23 00:00:00+00:00,June,2.0,0.75,,,,,,,,,,,,,,,,,,,,,,,,,,,,,,,,,,,,,,,,,,,,,,,,,,,,,,,,,,,,,,,,,,,,,,,,
retained_figure_content,daily_port,2026-06-24 00:00:00+00:00,June,1.0,1.0,,,,,,,,,,,,,,,,,,,,,,,,,,,,,,,,,,,,,,,,,,,,,,,,,,,,,,,,,,,,,,,,,,,,,,,,
retained_figure_content,daily_port,2026-06-25 00:00:00+00:00,June,3.0,2.0,,,,,,,,,,,,,,,,,,,,,,,,,,,,,,,,,,,,,,,,,,,,,,,,,,,,,,,,,,,,,,,,,,,,,,,,
retained_figure_content,daily_port,2026-06-26 00:00:00+00:00,June,2.0,1.25,,,,,,,,,,,,,,,,,,,,,,,,,,,,,,,,,,,,,,,,,,,,,,,,,,,,,,,,,,,,,,,,,,,,,,,,
retained_figure_content,daily_port,2026-06-27 00:00:00+00:00,June,1.0,1.75,,,,,,,,,,,,,,,,,,,,,,,,,,,,,,,,,,,,,,,,,,,,,,,,,,,,,,,,,,,,,,,,,,,,,,,,
retained_figure_content,daily_port,2026-06-28 00:00:00+00:00,June,2.0,0.5,,,,,,,,,,,,,,,,,,,,,,,,,,,,,,,,,,,,,,,,,,,,,,,,,,,,,,,,,,,,,,,,,,,,,,,,
retained_figure_content,daily_port,2026-06-29 00:00:00+00:00,June,1.0,1.75,,,,,,,,,,,,,,,,,,,,,,,,,,,,,,,,,,,,,,,,,,,,,,,,,,,,,,,,,,,,,,,,,,,,,,,,
retained_figure_content,daily_port,2026-06-30 00:00:00+00:00,June,4.0,1.0,,,,,,,,,,,,,,,,,,,,,,,,,,,,,,,,,,,,,,,,,,,,,,,,,,,,,,,,,,,,,,,,,,,,,,,,
retained_figure_content,sar_date_timeline,2026-01-03 00:00:00+00:00,baseline,1.0,,khor_fakkan_pair,S1A,ASCENDING,57.0,1.0,3.0,True,20.4947094957,18.4452385461,8.0,,,,,,,,,,,,,,,,,,,,,,,,,,,,,,,,,,,,,,,,,,,,,,,,,,,,,,,,,,,,,,
retained_figure_content,sar_date_timeline,2026-01-06 00:00:00+00:00,baseline,2.0,,khor_fakkan_pair,S1A,DESCENDING,93.0,1.0,4.0,True,22.5441804453,18.855132736,8.0,,,,,,,,,,,,,,,,,,,,,,,,,,,,,,,,,,,,,,,,,,,,,,,,,,,,,,,,,,,,,,
retained_figure_content,sar_date_timeline,2026-01-11 00:00:00+00:00,baseline,0.0,,khor_fakkan_pair,S1A,DESCENDING,166.0,1.0,4.0,True,18.2608832789,17.6320640344,8.0,,,,,,,,,,,,,,,,,,,,,,,,,,,,,,,,,,,,,,,,,,,,,,,,,,,,,,,,,,,,,,
retained_figure_content,sar_date_timeline,2026-01-15 00:00:00+00:00,baseline,2.0,,khor_fakkan_pair,S1A,ASCENDING,57.0,1.0,4.0,True,17.6254501663,14.7561908369,8.0,,,,,,,,,,,,,,,,,,,,,,,,,,,,,,,,,,,,,,,,,,,,,,,,,,,,,,,,,,,,,,
retained_figure_content,sar_date_timeline,2026-01-18 00:00:00+00:00,baseline,0.0,,khor_fakkan_pair,S1A,DESCENDING,93.0,1.0,4.0,True,19.6749211159,14.7561908369,8.0,,,,,,,,,,,,,,,,,,,,,,,,,,,,,,,,,,,,,,,,,,,,,,,,,,,,,,,,,,,,,,
retained_figure_content,sar_date_timeline,2026-01-23 00:00:00+00:00,baseline,2.0,,khor_fakkan_pair,S1A,DESCENDING,166.0,1.0,4.0,True,24.8926091354,15.9766249963,8.0,,,,,,,,,,,,,,,,,,,,,,,,,,,,,,,,,,,,,,,,,,,,,,,,,,,,,,,,,,,,,,
retained_figure_content,sar_date_timeline,2026-01-27 00:00:00+00:00,baseline,2.0,,khor_fakkan_pair,S1A,ASCENDING,57.0,1.0,4.0,True,18.0353443562,17.4205030713,8.0,,,,,,,,,,,,,,,,,,,,,,,,,,,,,,,,,,,,,,,,,,,,,,,,,,,,,,,,,,,,,,
retained_figure_content,sar_date_timeline,2026-01-30 00:00:00+00:00,baseline,2.0,,khor_fakkan_pair,S1A,DESCENDING,93.0,1.0,4.0,True,19.6749211159,15.1660850268,8.0,,,,,,,,,,,,,,,,,,,,,,,,,,,,,,,,,,,,,,,,,,,,,,,,,,,,,,,,,,,,,,
retained_figure_content,sar_date_timeline,2026-02-04 00:00:00+00:00,baseline,1.0,,khor_fakkan_pair,S1A,DESCENDING,166.0,1.0,4.0,True,19.5139936094,16.6040920614,8.0,,,,,,,,,,,,,,,,,,,,,,,,,,,,,,,,,,,,,,,,,,,,,,,,,,,,,,,,,,,,,,
retained_figure_content,sar_date_timeline,2026-02-08 00:00:00+00:00,baseline,1.0,,khor_fakkan_pair,S1A,ASCENDING,57.0,1.0,4.0,True,18.4452385461,21.3144978755,8.0,,,,,,,,,,,,,,,,,,,,,,,,,,,,,,,,,,,,,,,,,,,,,,,,,,,,,,,,,,,,,,
retained_figure_content,sar_date_timeline,2026-02-11 00:00:00+00:00,baseline,1.0,,khor_fakkan_pair,S1A,DESCENDING,93.0,1.0,4.0,True,20.4947094957,18.2402914512,8.0,,,,,,,,,,,,,,,,,,,,,,,,,,,,,,,,,,,,,,,,,,,,,,,,,,,,,,,,,,,,,,
retained_figure_content,sar_date_timeline,2026-02-16 00:00:00+00:00,baseline,0.0,,khor_fakkan_pair,S1A,DESCENDING,166.0,1.0,4.0,True,19.0944894964,14.3179126972,8.0,,,,,,,,,,,,,,,,,,,,,,,,,,,,,,,,,,,,,,,,,,,,,,,,,,,,,,,,,,,,,,
retained_figure_content,sar_date_timeline,2026-02-20 00:00:00+00:00,baseline,1.0,,khor_fakkan_pair,S1A,ASCENDING,57.0,1.0,4.0,True,20.4947094957,17.4205030713,8.0,,,,,,,,,,,,,,,,,,,,,,,,,,,,,,,,,,,,,,,,,,,,,,,,,,,,,,,,,,,,,,
retained_figure_content,sar_date_timeline,2026-02-23 00:00:00+00:00,baseline,2.0,,khor_fakkan_pair,S1A,DESCENDING,93.0,1.0,4.0,True,20.0848153058,16.1908205016,8.0,,,,,,,,,,,,,,,,,,,,,,,,,,,,,,,,,,,,,,,,,,,,,,,,,,,,,,,,,,,,,,
retained_figure_content,sar_date_timeline,2026-02-28 00:00:00+00:00,baseline,0.0,,khor_fakkan_pair,S1A,DESCENDING,166.0,1.0,2.0,False,19.5040655602,14.9457755183,8.0,,,,,,,,,,,,,,,,,,,,,,,,,,,,,,,,,,,,,,,,,,,,,,,,,,,,,,,,,,,,,,
retained_figure_content,sar_date_timeline,2026-03-04 00:00:00+00:00,early,0.0,,khor_fakkan_pair,S1A,ASCENDING,57.0,1.0,4.0,True,27.4629107242,18.2402914512,8.0,,,,,,,,,,,,,,,,,,,,,,,,,,,,,,,,,,,,,,,,,,,,,,,,,,,,,,,,,,,,,,
retained_figure_content,sar_date_timeline,2026-03-07 00:00:00+00:00,early,0.0,,khor_fakkan_pair,S1A,DESCENDING,93.0,1.0,4.0,True,34.8410061427,20.4947094957,8.0,,,,,,,,,,,,,,,,,,,,,,,,,,,,,,,,,,,,,,,,,,,,,,,,,,,,,,,,,,,,,,
retained_figure_content,sar_date_timeline,2026-03-12 00:00:00+00:00,early,2.0,,khor_fakkan_pair,S1A,DESCENDING,166.0,1.0,4.0,True,27.8111003649,14.5271531141,8.0,,,,,,,,,,,,,,,,,,,,,,,,,,,,,,,,,,,,,,,,,,,,,,,,,,,,,,,,,,,,,,
retained_figure_content,sar_date_timeline,2026-03-16 00:00:00+00:00,F1,1.0,,khor_fakkan_pair,S1A,ASCENDING,57.0,1.0,2.0,False,25.8233339646,19.060079831,8.0,,,,,,,,,,,,,,,,,,,,,,,,,,,,,,,,,,,,,,,,,,,,,,,,,,,,,,,,,,,,,,
retained_figure_content,sar_date_timeline,2026-03-19 00:00:00+00:00,F1,0.0,,khor_fakkan_pair,S1A,DESCENDING,93.0,1.0,4.0,True,32.7915351931,18.4452385461,8.0,,,,,,,,,,,,,,,,,,,,,,,,,,,,,,,,,,,,,,,,,,,,,,,,,,,,,,,,,,,,,,
retained_figure_content,sar_date_timeline,2026-03-24 00:00:00+00:00,F1,0.0,,khor_fakkan_pair,S1A,DESCENDING,166.0,1.0,4.0,True,27.8113312496,14.7404441746,8.0,,,,,,,,,,,,,,,,,,,,,,,,,,,,,,,,,,,,,,,,,,,,,,,,,,,,,,,,,,,,,,
retained_figure_content,sar_date_timeline,2026-03-28 00:00:00+00:00,F1,1.0,,khor_fakkan_pair,S1A,ASCENDING,57.0,1.0,2.0,False,26.2332281545,14.5512437419,8.0,,,,,,,,,,,,,,,,,,,,,,,,,,,,,,,,,,,,,,,,,,,,,,,,,,,,,,,,,,,,,,
retained_figure_content,sar_date_timeline,2026-03-31 00:00:00+00:00,F2,0.0,,khor_fakkan_pair,S1A,DESCENDING,93.0,1.0,3.0,True,26.6431223444,17.2155559764,8.0,,,,,,,,,,,,,,,,,,,,,,,,,,,,,,,,,,,,,,,,,,,,,,,,,,,,,,,,,,,,,,
retained_figure_content,sar_date_timeline,2026-04-05 00:00:00+00:00,F2,1.0,,khor_fakkan_pair,S1A,DESCENDING,166.0,1.0,4.0,True,24.0839483391,18.2713157896,8.0,,,,,,,,,,,,,,,,,,,,,,,,,,,,,,,,,,,,,,,,,,,,,,,,,,,,,,,,,,,,,,
retained_figure_content,sar_date_timeline,2026-04-09 00:00:00+00:00,F2,0.0,,khor_fakkan_pair,S1A,ASCENDING,57.0,1.0,4.0,True,25.8233339646,15.9858734066,8.0,,,,,,,,,,,,,,,,,,,,,,,,,,,,,,,,,,,,,,,,,,,,,,,,,,,,,,,,,,,,,,
retained_figure_content,sar_date_timeline,2026-04-12 00:00:00+00:00,F3,1.0,,khor_fakkan_pair,S1A,DESCENDING,93.0,1.0,2.0,False,27.0530165343,18.855132736,8.0,,,,,,,,,,,,,,,,,,,,,,,,,,,,,,,,,,,,,,,,,,,,,,,,,,,,,,,,,,,,,,
retained_figure_content,sar_date_timeline,2026-04-17 00:00:00+00:00,F3,0.0,,khor_fakkan_pair,S1A,DESCENDING,166.0,1.0,3.0,True,21.6063848529,19.9001674931,8.0,,,,,,,,,,,,,,,,,,,,,,,,,,,,,,,,,,,,,,,,,,,,,,,,,,,,,,,,,,,,,,
retained_figure_content,sar_date_timeline,2026-04-21 00:00:00+00:00,F3,0.0,,khor_fakkan_pair,S1A,ASCENDING,57.0,1.0,4.0,True,27.0530165343,19.4699740209,8.0,,,,,,,,,,,,,,,,,,,,,,,,,,,,,,,,,,,,,,,,,,,,,,,,,,,,,,,,,,,,,,
retained_figure_content,sar_date_timeline,2026-04-24 00:00:00+00:00,F3,2.0,,khor_fakkan_pair,S1A,DESCENDING,93.0,1.0,2.0,False,25.0035455847,18.855132736,8.0,,,,,,,,,,,,,,,,,,,,,,,,,,,,,,,,,,,,,,,,,,,,,,,,,,,,,,,,,,,,,,
retained_figure_content,sar_date_timeline,2026-04-29 00:00:00+00:00,F4_tail,2.0,,khor_fakkan_pair,S1A,DESCENDING,166.0,1.0,2.0,False,27.4088427571,16.6087422081,8.0,,,,,,,,,,,,,,,,,,,,,,,,,,,,,,,,,,,,,,,,,,,,,,,,,,,,,,,,,,,,,,
retained_figure_content,sar_date_timeline,2026-05-03 00:00:00+00:00,May,1.0,,khor_fakkan_pair,S1A,ASCENDING,57.0,1.0,3.0,True,27.0530165343,20.4947094957,8.0,,,,,,,,,,,,,,,,,,,,,,,,,,,,,,,,,,,,,,,,,,,,,,,,,,,,,,,,,,,,,,
retained_figure_content,sar_date_timeline,2026-05-06 00:00:00+00:00,May,1.0,,khor_fakkan_pair,S1A,DESCENDING,93.0,1.0,4.0,True,25.0035455847,17.6254501663,8.0,,,,,,,,,,,,,,,,,,,,,,,,,,,,,,,,,,,,,,,,,,,,,,,,,,,,,,,,,,,,,,
retained_figure_content,sar_date_timeline,2026-05-11 00:00:00+00:00,May,2.0,,khor_fakkan_pair,S1A,DESCENDING,166.0,1.0,4.0,True,27.8283695691,18.4835834345,8.0,,,,,,,,,,,,,,,,,,,,,,,,,,,,,,,,,,,,,,,,,,,,,,,,,,,,,,,,,,,,,,
retained_figure_content,sar_date_timeline,2026-05-15 00:00:00+00:00,May,1.0,,khor_fakkan_pair,S1A,ASCENDING,57.0,1.0,3.0,True,23.3639688251,19.2650269259,8.0,,,,,,,,,,,,,,,,,,,,,,,,,,,,,,,,,,,,,,,,,,,,,,,,,,,,,,,,,,,,,,
retained_figure_content,sar_date_timeline,2026-05-18 00:00:00+00:00,May,0.0,,khor_fakkan_pair,S1A,DESCENDING,93.0,1.0,4.0,True,28.2826991041,16.6007146915,8.0,,,,,,,,,,,,,,,,,,,,,,,,,,,,,,,,,,,,,,,,,,,,,,,,,,,,,,,,,,,,,,
retained_figure_content,sar_date_timeline,2026-05-23 00:00:00+00:00,May,4.0,,khor_fakkan_pair,S1A,DESCENDING,166.0,1.0,4.0,True,29.0722062233,18.4781700515,8.0,,,,,,,,,,,,,,,,,,,,,,,,,,,,,,,,,,,,,,,,,,,,,,,,,,,,,,,,,,,,,,
retained_figure_content,sar_date_timeline,2026-05-27 00:00:00+00:00,May,1.0,,khor_fakkan_pair,S1A,ASCENDING,57.0,1.0,3.0,True,24.1837572049,18.855132736,8.0,,,,,,,,,,,,,,,,,,,,,,,,,,,,,,,,,,,,,,,,,,,,,,,,,,,,,,,,,,,,,,
retained_figure_content,sar_date_timeline,2026-05-30 00:00:00+00:00,May,0.0,,khor_fakkan_pair,S1A,DESCENDING,93.0,1.0,2.0,False,26.6431223444,16.6007146915,8.0,,,,,,,,,,,,,,,,,,,,,,,,,,,,,,,,,,,,,,,,,,,,,,,,,,,,,,,,,,,,,,
retained_figure_content,sar_date_timeline,2026-06-04 00:00:00+00:00,June,2.0,,khor_fakkan_pair,S1A,DESCENDING,166.0,1.0,4.0,True,26.1803058442,17.4350374817,8.0,,,,,,,,,,,,,,,,,,,,,,,,,,,,,,,,,,,,,,,,,,,,,,,,,,,,,,,,,,,,,,
retained_figure_content,sar_date_timeline,2026-06-08 00:00:00+00:00,June,3.0,,khor_fakkan_pair,S1A,ASCENDING,57.0,1.0,4.0,True,29.1024874839,17.6254501663,8.0,,,,,,,,,,,,,,,,,,,,,,,,,,,,,,,,,,,,,,,,,,,,,,,,,,,,,,,,,,,,,,
retained_figure_content,sar_date_timeline,2026-06-11 00:00:00+00:00,June,3.0,,khor_fakkan_pair,S1A,DESCENDING,93.0,1.0,4.0,True,36.8904770922,19.8798682108,8.0,,,,,,,,,,,,,,,,,,,,,,,,,,,,,,,,,,,,,,,,,,,,,,,,,,,,,,,,,,,,,,
retained_figure_content,sar_date_timeline,2026-06-16 00:00:00+00:00,June,3.0,,khor_fakkan_pair,S1A,DESCENDING,166.0,1.0,4.0,True,32.4265268945,15.779927998,8.0,,,,,,,,,,,,,,,,,,,,,,,,,,,,,,,,,,,,,,,,,,,,,,,,,,,,,,,,,,,,,,
retained_figure_content,sar_date_timeline,2026-06-20 00:00:00+00:00,June,0.0,,khor_fakkan_pair,S1A,ASCENDING,57.0,1.0,4.0,True,30.7420642435,16.1908205016,8.0,,,,,,,,,,,,,,,,,,,,,,,,,,,,,,,,,,,,,,,,,,,,,,,,,,,,,,,,,,,,,,
retained_figure_content,sar_date_timeline,2026-06-23 00:00:00+00:00,June,2.0,,khor_fakkan_pair,S1A,DESCENDING,93.0,1.0,4.0,True,29.9222758637,18.4452385461,8.0,,,,,,,,,,,,,,,,,,,,,,,,,,,,,,,,,,,,,,,,,,,,,,,,,,,,,,,,,,,,,,
retained_figure_content,sar_date_timeline,2026-06-28 00:00:00+00:00,June,2.0,,khor_fakkan_pair,S1A,DESCENDING,166.0,1.0,2.0,False,27.840488131,12.6675578537,8.0,,,,,,,,,,,,,,,,,,,,,,,,,,,,,,,,,,,,,,,,,,,,,,,,,,,,,,,,,,,,,,
retained_figure_content,,,,,,,,,,,,,,,,khor_fakkan_subregion_sensitivity,20.0,baseline,Jan 1–Feb 28,59.0,46.0,13.0,2.7754904376253277e-05,2.3067542484616437e-05,2.4081582237482652e-05,3.6733221387706175e-06,15.2536577644518,2.7754904376253277e-05,0.0,0.970580370125002,1.0,"{""2022"": 50, ""2023"": 42, ""2024"": 44, ""2025"": 44}",1.7207027665939343e-05,3.859392331207921e-05,-7.877631655891301e-06,1.5841837801918542e-05,-30.53090812386748,75.11562152026913,increase,0.0,,,,,,,,,,,,,,,,,,,,,,,,,,,,,,,,,,,,,
retained_figure_content,,,,,,,,,,,,,,,,khor_fakkan_subregion_sensitivity,20.0,acute_full,Mar 1–28,28.0,13.0,15.0,5.012884350362782e-05,8.731736597921543e-06,1.9925620418834142e-05,3.0203223084793675e-05,151.57983766590732,3.621482450569258e-05,-27.756513068026948,0.9716711050898866,1.0,"{""2022"": 26, ""2023"": 23, ""2024"": 17, ""2025"": 21}",-7.969612799030504e-06,0.0001023258926296,-2.7922349463611164e-05,8.138254383501295e-05,-141.1614780585805,437.878656824037,increase,0.0,,,,,,,,,,,,,,,,,,,,,,,,,,,,,,,,,,,,,
retained_figure_content,,,,,,,,,,,,,,,,khor_fakkan_subregion_sensitivity,20.0,late_phase,May 1–Jun 30,61.0,59.0,2.0,4.259563436092738e-05,3.692181907777283e-05,2.120771959945467e-05,2.1387914761472717e-05,100.84966778805712,4.259563436092738e-05,0.0,0.9872737677528254,1.0,"{""2022"": 55, ""2023"": 45, ""2024"": 58, ""2025"": 60}",3.210272028224106e-05,5.454693370129494e-05,1.042472617422024e-05,3.356249096199575e-05,46.94184182002016,167.85319972540924,increase,1.0,,,,,,,,,,,,,,,,,,,,,,,,,,,,,,,,,,,,,
retained_figure_content,,,,,,,,,,,,,,,,khor_fakkan_subregion_sensitivity,10.0,late_phase,May 1–Jun 30,61.0,59.0,2.0,4.70880798511946e-05,3.662474373497752e-05,2.205778030713378e-05,2.503029954406082e-05,113.47605786048058,4.70880798511946e-05,0.0,0.9937939817459503,1.0,"{""2022"": 56, ""2023"": 45, ""2024"": 57, ""2025"": 59}",3.508522592938799e-05,5.95249161379388e-05,1.2463946566318915e-05,3.775257294921898e-05,53.234692103698535,179.64969564592107,increase,1.0,,,,,,,,,,,,,,,,,,,,,,,,,,,,,,,,,,,,,
retained_figure_content,,,,,,,,,,,,,,,,khor_fakkan_subregion_sensitivity,30.0,late_phase,May 1–Jun 30,61.0,58.0,3.0,3.622536001442993e-05,3.237065050379795e-05,1.9412673840181858e-05,1.681268617424807e-05,86.60675140715479,3.622536001442993e-05,0.0,0.9959631925989948,1.0,"{""2022"": 56, ""2023"": 46, ""2024"": 58, ""2025"": 60}",2.695183115715168e-05,4.7699679047678525e-05,7.029540175818081e-06,2.885231442250117e-05,34.21614989033941,156.51737353401893,increase,1.0,,,,,,,,,,,,,,,,,,,,,,,,,,,,,,,,,,,,,
acute_joint_extremeness,year_point,,,,,,,,,,,,,,8.0,,,,,,,,,,,,,,,,,,,,,,,,,,2022.0,historical_year,8.0,59.0,59.0,0.0,11.0,1.77966101695,28.0,28.0,0.0,6.0,1.25,-0.529661016949,-29.7619047619,ASSESSABLE,14.0,3.0,12.2404814144,6.0,3.0,12.2968256974,0.0563442830001,0.460311004874,-50.9544334975,-29.7619047619,-2.56879092894,-11.5942028986,0.460311004874,16.9902195282,,,,,,,1.0
acute_joint_extremeness,year_point,,,,,,,,,,,,,,8.0,,,,,,,,,,,,,,,,,,,,,,,,,,2023.0,historical_year,8.0,59.0,59.0,0.0,18.0,1.25423728814,28.0,28.0,0.0,6.0,1.25,-0.00423728813559,-0.337837837838,ASSESSABLE,13.0,3.0,14.7561908369,6.0,3.0,16.6007146915,1.84452385461,12.5,-31.3953488372,-0.337837837838,41.6291235969,-2.32558139535,12.5,28.7476484824,,,,,,,1.0
acute_joint_extremeness,year_point,,,,,,,,,,,,,,8.0,,,,,,,,,,,,,,,,,,,,,,,,,,2024.0,historical_year,8.0,59.0,59.0,0.0,19.0,1.13559322034,28.0,28.0,0.0,9.0,1.03571428571,-0.0998789346247,-8.79530916844,ASSESSABLE,13.0,3.0,17.6254501663,6.0,3.0,20.8321115352,3.20666136893,18.1933586868,-41.9833825887,-9.10364145658,34.9934983575,-2.32558139535,15.9090909091,28.0487804878,,,,,,,1.0
acute_joint_extremeness,year_point,,,,,,,,,,,,,,8.0,,,,,,,,,,,,,,,,,,,,,,,,,,2025.0,historical_year,8.0,59.0,59.0,0.0,23.0,1.05084745763,28.0,28.0,0.0,10.0,1.10714285714,0.0562953995157,5.35714285714,ASSESSABLE,13.0,3.0,20.328129194,6.0,3.0,19.6749211159,-0.65320807811,-3.21332116634,-36.4523926009,5.35714285714,66.1454417293,-8.9612265333,-3.21332116634,2.08333333333,,,,,,,1.0
acute_joint_extremeness,year_point,,,,,,,,,,,,,,8.0,,,,,,,,,,,,,,,,,,,,,,,,,,2026.0,event_year,8.0,59.0,59.0,0.0,27.0,0.830508474576,28.0,28.0,0.0,21.0,0.392857142857,-0.437651331719,-52.6967930029,ASSESSABLE,14.0,3.0,19.6749211159,5.0,3.0,27.8113312496,8.1364101337,41.3542198506,-82.4476727166,-53.6942508711,-9.10364145658,35.7000510566,41.3542198506,46.5326334086,,,,,,,1.0
acute_joint_extremeness,bootstrap_contrast,,,,,,,,,,,,,,,,,,,,,,,,,,,,,,,,,,,,,,,,,,8.0,,,,,,,,,,,,,,,,,,,,,,,,,,,,port_2026_minus_historical_min,-57.3196180421,-21.3199976534,26.4453482033,5000.0,20260817.0,1.0
acute_joint_extremeness,bootstrap_contrast,,,,,,,,,,,,,,,,,,,,,,,,,,,,,,,,,,,,,,,,,,8.0,,,,,,,,,,,,,,,,,,,,,,,,,,,,sar_2026_minus_historical_max,9.02197815525,22.0360380325,35.1371544062,5000.0,20260817.0,1.0
acute_joint_extremeness,bootstrap_contrast,,,,,,,,,,,,,,,,,,,,,,,,,,,,,,,,,,,,,,,,,,8.0,,,,,,,,,,,,,,,,,,,,,,,,,,,,port_2026_minus_2024,-97.3026432072,-44.6220278285,10.2740448496,5000.0,20260817.0,1.0
acute_joint_extremeness,bootstrap_contrast,,,,,,,,,,,,,,,,,,,,,,,,,,,,,,,,,,,,,,,,,,8.0,,,,,,,,,,,,,,,,,,,,,,,,,,,,sar_2026_minus_2024,10.8520148894,24.3898138628,44.4424143976,5000.0,20260817.0,1.0
