date_utc,year,analysis_stage,portwatch_port_id,portwatch_port_name,port_calls_per_day
2022-01-01,2022,baseline,port561,Khor Fakkan,1
2022-01-02,2022,baseline,port561,Khor Fakkan,0
2022-01-03,2022,baseline,port561,Khor Fakkan,1
2022-01-04,2022,baseline,port561,Khor Fakkan,1
2022-01-05,2022,baseline,port561,Khor Fakkan,3
2022-01-06,2022,baseline,port561,Khor Fakkan,2
2022-01-07,2022,baseline,port561,Khor Fakkan,2
2022-01-08,2022,baseline,port561,Khor Fakkan,0
2022-01-09,2022,baseline,port561,Khor Fakkan,0
2022-01-10,2022,baseline,port561,Khor Fakkan,6
2022-01-11,2022,baseline,port561,Khor Fakkan,0
2022-01-12,2022,baseline,port561,Khor Fakkan,0
2022-01-13,2022,baseline,port561,Khor Fakkan,4
2022-01-14,2022,baseline,port561,Khor Fakkan,1
2022-01-15,2022,baseline,port561,Khor Fakkan,2
2022-01-16,2022,baseline,port561,Khor Fakkan,1
2022-01-17,2022,baseline,port561,Khor Fakkan,3
2022-01-18,2022,baseline,port561,Khor Fakkan,0
2022-01-19,2022,baseline,port561,Khor Fakkan,5
2022-01-20,2022,baseline,port561,Khor Fakkan,4
2022-01-21,2022,baseline,port561,Khor Fakkan,0
2022-01-22,2022,baseline,port561,Khor Fakkan,1
2022-01-23,2022,baseline,port561,Khor Fakkan,0
2022-01-24,2022,baseline,port561,Khor Fakkan,3
2022-01-25,2022,baseline,port561,Khor Fakkan,2
2022-01-26,2022,baseline,port561,Khor Fakkan,3
2022-01-27,2022,baseline,port561,Khor Fakkan,1
2022-01-28,2022,baseline,port561,Khor Fakkan,2
2022-01-29,2022,baseline,port561,Khor Fakkan,1
2022-01-30,2022,baseline,port561,Khor Fakkan,1
2022-01-31,2022,baseline,port561,Khor Fakkan,3
2022-02-01,2022,baseline,port561,Khor Fakkan,3
2022-02-02,2022,baseline,port561,Khor Fakkan,2
2022-02-03,2022,baseline,port561,Khor Fakkan,2
2022-02-04,2022,baseline,port561,Khor Fakkan,3
2022-02-05,2022,baseline,port561,Khor Fakkan,1
2022-02-06,2022,baseline,port561,Khor Fakkan,1
2022-02-07,2022,baseline,port561,Khor Fakkan,1
2022-02-08,2022,baseline,port561,Khor Fakkan,3
2022-02-09,2022,baseline,port561,Khor Fakkan,4
2022-02-10,2022,baseline,port561,Khor Fakkan,2
2022-02-11,2022,baseline,port561,Khor Fakkan,0
2022-02-12,2022,baseline,port561,Khor Fakkan,2
2022-02-13,2022,baseline,port561,Khor Fakkan,3
2022-02-14,2022,baseline,port561,Khor Fakkan,3
2022-02-15,2022,baseline,port561,Khor Fakkan,3
2022-02-16,2022,baseline,port561,Khor Fakkan,2
2022-02-17,2022,baseline,port561,Khor Fakkan,1
2022-02-18,2022,baseline,port561,Khor Fakkan,2
2022-02-19,2022,baseline,port561,Khor Fakkan,1
2022-02-20,2022,baseline,port561,Khor Fakkan,3
2022-02-21,2022,baseline,port561,Khor Fakkan,1
2022-02-22,2022,baseline,port561,Khor Fakkan,2
2022-02-23,2022,baseline,port561,Khor Fakkan,4
2022-02-24,2022,baseline,port561,Khor Fakkan,0
2022-02-25,2022,baseline,port561,Khor Fakkan,1
2022-02-26,2022,baseline,port561,Khor Fakkan,1
2022-02-27,2022,baseline,port561,Khor Fakkan,1
2022-02-28,2022,baseline,port561,Khor Fakkan,0
2022-03-01,2022,acute,port561,Khor Fakkan,1
2022-03-02,2022,acute,port561,Khor Fakkan,2
2022-03-03,2022,acute,port561,Khor Fakkan,1
2022-03-04,2022,acute,port561,Khor Fakkan,2
2022-03-05,2022,acute,port561,Khor Fakkan,1
2022-03-06,2022,acute,port561,Khor Fakkan,0
2022-03-07,2022,acute,port561,Khor Fakkan,2
2022-03-08,2022,acute,port561,Khor Fakkan,2
2022-03-09,2022,acute,port561,Khor Fakkan,2
2022-03-10,2022,acute,port561,Khor Fakkan,1
2022-03-11,2022,acute,port561,Khor Fakkan,3
2022-03-12,2022,acute,port561,Khor Fakkan,0
2022-03-13,2022,acute,port561,Khor Fakkan,0
2022-03-14,2022,acute,port561,Khor Fakkan,2
2022-03-15,2022,acute,port561,Khor Fakkan,3
2022-03-16,2022,acute,port561,Khor Fakkan,1
2022-03-17,2022,acute,port561,Khor Fakkan,0
2022-03-18,2022,acute,port561,Khor Fakkan,2
2022-03-19,2022,acute,port561,Khor Fakkan,1
2022-03-20,2022,acute,port561,Khor Fakkan,1
2022-03-21,2022,acute,port561,Khor Fakkan,0
2022-03-22,2022,acute,port561,Khor Fakkan,1
2022-03-23,2022,acute,port561,Khor Fakkan,1
2022-03-24,2022,acute,port561,Khor Fakkan,1
2022-03-25,2022,acute,port561,Khor Fakkan,3
2022-03-26,2022,acute,port561,Khor Fakkan,1
2022-03-27,2022,acute,port561,Khor Fakkan,0
2022-03-28,2022,acute,port561,Khor Fakkan,1
2023-01-01,2023,baseline,port561,Khor Fakkan,5
2023-01-02,2023,baseline,port561,Khor Fakkan,2
2023-01-03,2023,baseline,port561,Khor Fakkan,2
2023-01-04,2023,baseline,port561,Khor Fakkan,2
2023-01-05,2023,baseline,port561,Khor Fakkan,0
2023-01-06,2023,baseline,port561,Khor Fakkan,1
2023-01-07,2023,baseline,port561,Khor Fakkan,1
2023-01-08,2023,baseline,port561,Khor Fakkan,0
2023-01-09,2023,baseline,port561,Khor Fakkan,2
2023-01-10,2023,baseline,port561,Khor Fakkan,1
2023-01-11,2023,baseline,port561,Khor Fakkan,2
2023-01-12,2023,baseline,port561,Khor Fakkan,2
2023-01-13,2023,baseline,port561,Khor Fakkan,3
2023-01-14,2023,baseline,port561,Khor Fakkan,0
2023-01-15,2023,baseline,port561,Khor Fakkan,0
2023-01-16,2023,baseline,port561,Khor Fakkan,1
2023-01-17,2023,baseline,port561,Khor Fakkan,2
2023-01-18,2023,baseline,port561,Khor Fakkan,1
2023-01-19,2023,baseline,port561,Khor Fakkan,1
2023-01-20,2023,baseline,port561,Khor Fakkan,3
2023-01-21,2023,baseline,port561,Khor Fakkan,1
2023-01-22,2023,baseline,port561,Khor Fakkan,0
2023-01-23,2023,baseline,port561,Khor Fakkan,1
2023-01-24,2023,baseline,port561,Khor Fakkan,0
2023-01-25,2023,baseline,port561,Khor Fakkan,2
2023-01-26,2023,baseline,port561,Khor Fakkan,1
2023-01-27,2023,baseline,port561,Khor Fakkan,3
2023-01-28,2023,baseline,port561,Khor Fakkan,2
2023-01-29,2023,baseline,port561,Khor Fakkan,1
2023-01-30,2023,baseline,port561,Khor Fakkan,0
2023-01-31,2023,baseline,port561,Khor Fakkan,1
2023-02-01,2023,baseline,port561,Khor Fakkan,5
2023-02-02,2023,baseline,port561,Khor Fakkan,0
2023-02-03,2023,baseline,port561,Khor Fakkan,1
2023-02-04,2023,baseline,port561,Khor Fakkan,1
2023-02-05,2023,baseline,port561,Khor Fakkan,1
2023-02-06,2023,baseline,port561,Khor Fakkan,2
2023-02-07,2023,baseline,port561,Khor Fakkan,1
2023-02-08,2023,baseline,port561,Khor Fakkan,0
2023-02-09,2023,baseline,port561,Khor Fakkan,2
2023-02-10,2023,baseline,port561,Khor Fakkan,2
2023-02-11,2023,baseline,port561,Khor Fakkan,0
2023-02-12,2023,baseline,port561,Khor Fakkan,0
2023-02-13,2023,baseline,port561,Khor Fakkan,2
2023-02-14,2023,baseline,port561,Khor Fakkan,1
2023-02-15,2023,baseline,port561,Khor Fakkan,1
2023-02-16,2023,baseline,port561,Khor Fakkan,0
2023-02-17,2023,baseline,port561,Khor Fakkan,0
2023-02-18,2023,baseline,port561,Khor Fakkan,1
2023-02-19,2023,baseline,port561,Khor Fakkan,0
2023-02-20,2023,baseline,port561,Khor Fakkan,4
2023-02-21,2023,baseline,port561,Khor Fakkan,0
2023-02-22,2023,baseline,port561,Khor Fakkan,0
2023-02-23,2023,baseline,port561,Khor Fakkan,3
2023-02-24,2023,baseline,port561,Khor Fakkan,1
2023-02-25,2023,baseline,port561,Khor Fakkan,0
2023-02-26,2023,baseline,port561,Khor Fakkan,1
2023-02-27,2023,baseline,port561,Khor Fakkan,0
2023-02-28,2023,baseline,port561,Khor Fakkan,2
2023-03-01,2023,acute,port561,Khor Fakkan,2
2023-03-02,2023,acute,port561,Khor Fakkan,0
2023-03-03,2023,acute,port561,Khor Fakkan,1
2023-03-04,2023,acute,port561,Khor Fakkan,2
2023-03-05,2023,acute,port561,Khor Fakkan,1
2023-03-06,2023,acute,port561,Khor Fakkan,0
2023-03-07,2023,acute,port561,Khor Fakkan,3
2023-03-08,2023,acute,port561,Khor Fakkan,1
2023-03-09,2023,acute,port561,Khor Fakkan,2
2023-03-10,2023,acute,port561,Khor Fakkan,0
2023-03-11,2023,acute,port561,Khor Fakkan,0
2023-03-12,2023,acute,port561,Khor Fakkan,3
2023-03-13,2023,acute,port561,Khor Fakkan,1
2023-03-14,2023,acute,port561,Khor Fakkan,1
2023-03-15,2023,acute,port561,Khor Fakkan,2
2023-03-16,2023,acute,port561,Khor Fakkan,1
2023-03-17,2023,acute,port561,Khor Fakkan,1
2023-03-18,2023,acute,port561,Khor Fakkan,2
2023-03-19,2023,acute,port561,Khor Fakkan,1
2023-03-20,2023,acute,port561,Khor Fakkan,2
2023-03-21,2023,acute,port561,Khor Fakkan,0
2023-03-22,2023,acute,port561,Khor Fakkan,2
2023-03-23,2023,acute,port561,Khor Fakkan,1
2023-03-24,2023,acute,port561,Khor Fakkan,0
2023-03-25,2023,acute,port561,Khor Fakkan,2
2023-03-26,2023,acute,port561,Khor Fakkan,1
2023-03-27,2023,acute,port561,Khor Fakkan,2
2023-03-28,2023,acute,port561,Khor Fakkan,1
2024-01-01,2024,baseline,port561,Khor Fakkan,2
2024-01-02,2024,baseline,port561,Khor Fakkan,0
2024-01-03,2024,baseline,port561,Khor Fakkan,4
2024-01-04,2024,baseline,port561,Khor Fakkan,1
2024-01-05,2024,baseline,port561,Khor Fakkan,0
2024-01-06,2024,baseline,port561,Khor Fakkan,0
2024-01-07,2024,baseline,port561,Khor Fakkan,0
2024-01-08,2024,baseline,port561,Khor Fakkan,1
2024-01-09,2024,baseline,port561,Khor Fakkan,0
2024-01-10,2024,baseline,port561,Khor Fakkan,0
2024-01-11,2024,baseline,port561,Khor Fakkan,1
2024-01-12,2024,baseline,port561,Khor Fakkan,2
2024-01-13,2024,baseline,port561,Khor Fakkan,0
2024-01-14,2024,baseline,port561,Khor Fakkan,0
2024-01-15,2024,baseline,port561,Khor Fakkan,2
2024-01-16,2024,baseline,port561,Khor Fakkan,0
2024-01-17,2024,baseline,port561,Khor Fakkan,3
2024-01-18,2024,baseline,port561,Khor Fakkan,1
2024-01-19,2024,baseline,port561,Khor Fakkan,1
2024-01-20,2024,baseline,port561,Khor Fakkan,0
2024-01-21,2024,baseline,port561,Khor Fakkan,0
2024-01-22,2024,baseline,port561,Khor Fakkan,3
2024-01-23,2024,baseline,port561,Khor Fakkan,3
2024-01-24,2024,baseline,port561,Khor Fakkan,2
2024-01-25,2024,baseline,port561,Khor Fakkan,0
2024-01-26,2024,baseline,port561,Khor Fakkan,2
2024-01-27,2024,baseline,port561,Khor Fakkan,1
2024-01-28,2024,baseline,port561,Khor Fakkan,2
2024-01-29,2024,baseline,port561,Khor Fakkan,2
2024-01-30,2024,baseline,port561,Khor Fakkan,2
2024-01-31,2024,baseline,port561,Khor Fakkan,0
2024-02-01,2024,baseline,port561,Khor Fakkan,1
2024-02-02,2024,baseline,port561,Khor Fakkan,1
2024-02-03,2024,baseline,port561,Khor Fakkan,0
2024-02-04,2024,baseline,port561,Khor Fakkan,1
2024-02-05,2024,baseline,port561,Khor Fakkan,2
2024-02-06,2024,baseline,port561,Khor Fakkan,1
2024-02-07,2024,baseline,port561,Khor Fakkan,0
2024-02-08,2024,baseline,port561,Khor Fakkan,2
2024-02-09,2024,baseline,port561,Khor Fakkan,0
2024-02-10,2024,baseline,port561,Khor Fakkan,0
2024-02-11,2024,baseline,port561,Khor Fakkan,1
2024-02-12,2024,baseline,port561,Khor Fakkan,1
2024-02-13,2024,baseline,port561,Khor Fakkan,2
2024-02-14,2024,baseline,port561,Khor Fakkan,1
2024-02-15,2024,baseline,port561,Khor Fakkan,1
2024-02-16,2024,baseline,port561,Khor Fakkan,2
2024-02-17,2024,baseline,port561,Khor Fakkan,2
2024-02-18,2024,baseline,port561,Khor Fakkan,1
2024-02-19,2024,baseline,port561,Khor Fakkan,1
2024-02-20,2024,baseline,port561,Khor Fakkan,0
2024-02-21,2024,baseline,port561,Khor Fakkan,0
2024-02-22,2024,baseline,port561,Khor Fakkan,3
2024-02-23,2024,baseline,port561,Khor Fakkan,1
2024-02-24,2024,baseline,port561,Khor Fakkan,1
2024-02-25,2024,baseline,port561,Khor Fakkan,2
2024-02-26,2024,baseline,port561,Khor Fakkan,2
2024-02-27,2024,baseline,port561,Khor Fakkan,1
2024-02-28,2024,baseline,port561,Khor Fakkan,2
2024-03-01,2024,acute,port561,Khor Fakkan,1
2024-03-02,2024,acute,port561,Khor Fakkan,0
2024-03-03,2024,acute,port561,Khor Fakkan,1
2024-03-04,2024,acute,port561,Khor Fakkan,1
2024-03-05,2024,acute,port561,Khor Fakkan,1
2024-03-06,2024,acute,port561,Khor Fakkan,1
2024-03-07,2024,acute,port561,Khor Fakkan,2
2024-03-08,2024,acute,port561,Khor Fakkan,0
2024-03-09,2024,acute,port561,Khor Fakkan,1
2024-03-10,2024,acute,port561,Khor Fakkan,0
2024-03-11,2024,acute,port561,Khor Fakkan,0
2024-03-12,2024,acute,port561,Khor Fakkan,1
2024-03-13,2024,acute,port561,Khor Fakkan,2
2024-03-14,2024,acute,port561,Khor Fakkan,1
2024-03-15,2024,acute,port561,Khor Fakkan,0
2024-03-16,2024,acute,port561,Khor Fakkan,2
2024-03-17,2024,acute,port561,Khor Fakkan,1
2024-03-18,2024,acute,port561,Khor Fakkan,1
2024-03-19,2024,acute,port561,Khor Fakkan,0
2024-03-20,2024,acute,port561,Khor Fakkan,2
2024-03-21,2024,acute,port561,Khor Fakkan,3
2024-03-22,2024,acute,port561,Khor Fakkan,0
2024-03-23,2024,acute,port561,Khor Fakkan,1
2024-03-24,2024,acute,port561,Khor Fakkan,3
2024-03-25,2024,acute,port561,Khor Fakkan,0
2024-03-26,2024,acute,port561,Khor Fakkan,3
2024-03-27,2024,acute,port561,Khor Fakkan,1
2024-03-28,2024,acute,port561,Khor Fakkan,0
2025-01-01,2025,baseline,port561,Khor Fakkan,0
2025-01-02,2025,baseline,port561,Khor Fakkan,0
2025-01-03,2025,baseline,port561,Khor Fakkan,2
2025-01-04,2025,baseline,port561,Khor Fakkan,0
2025-01-05,2025,baseline,port561,Khor Fakkan,1
2025-01-06,2025,baseline,port561,Khor Fakkan,0
2025-01-07,2025,baseline,port561,Khor Fakkan,0
2025-01-08,2025,baseline,port561,Khor Fakkan,1
2025-01-09,2025,baseline,port561,Khor Fakkan,0
2025-01-10,2025,baseline,port561,Khor Fakkan,1
2025-01-11,2025,baseline,port561,Khor Fakkan,1
2025-01-12,2025,baseline,port561,Khor Fakkan,2
2025-01-13,2025,baseline,port561,Khor Fakkan,1
2025-01-14,2025,baseline,port561,Khor Fakkan,1
2025-01-15,2025,baseline,port561,Khor Fakkan,1
2025-01-16,2025,baseline,port561,Khor Fakkan,0
2025-01-17,2025,baseline,port561,Khor Fakkan,2
2025-01-18,2025,baseline,port561,Khor Fakkan,0
2025-01-19,2025,baseline,port561,Khor Fakkan,0
2025-01-20,2025,baseline,port561,Khor Fakkan,1
2025-01-21,2025,baseline,port561,Khor Fakkan,1
2025-01-22,2025,baseline,port561,Khor Fakkan,0
2025-01-23,2025,baseline,port561,Khor Fakkan,1
2025-01-24,2025,baseline,port561,Khor Fakkan,2
2025-01-25,2025,baseline,port561,Khor Fakkan,0
2025-01-26,2025,baseline,port561,Khor Fakkan,1
2025-01-27,2025,baseline,port561,Khor Fakkan,2
2025-01-28,2025,baseline,port561,Khor Fakkan,1
2025-01-29,2025,baseline,port561,Khor Fakkan,2
2025-01-30,2025,baseline,port561,Khor Fakkan,2
2025-01-31,2025,baseline,port561,Khor Fakkan,0
2025-02-01,2025,baseline,port561,Khor Fakkan,1
2025-02-02,2025,baseline,port561,Khor Fakkan,1
2025-02-03,2025,baseline,port561,Khor Fakkan,0
2025-02-04,2025,baseline,port561,Khor Fakkan,3
2025-02-05,2025,baseline,port561,Khor Fakkan,4
2025-02-06,2025,baseline,port561,Khor Fakkan,0
2025-02-07,2025,baseline,port561,Khor Fakkan,0
2025-02-08,2025,baseline,port561,Khor Fakkan,2
2025-02-09,2025,baseline,port561,Khor Fakkan,0
2025-02-10,2025,baseline,port561,Khor Fakkan,3
2025-02-11,2025,baseline,port561,Khor Fakkan,1
2025-02-12,2025,baseline,port561,Khor Fakkan,1
2025-02-13,2025,baseline,port561,Khor Fakkan,1
2025-02-14,2025,baseline,port561,Khor Fakkan,0
2025-02-15,2025,baseline,port561,Khor Fakkan,3
2025-02-16,2025,baseline,port561,Khor Fakkan,3
2025-02-17,2025,baseline,port561,Khor Fakkan,0
2025-02-18,2025,baseline,port561,Khor Fakkan,1
2025-02-19,2025,baseline,port561,Khor Fakkan,0
2025-02-20,2025,baseline,port561,Khor Fakkan,2
2025-02-21,2025,baseline,port561,Khor Fakkan,0
2025-02-22,2025,baseline,port561,Khor Fakkan,0
2025-02-23,2025,baseline,port561,Khor Fakkan,0
2025-02-24,2025,baseline,port561,Khor Fakkan,2
2025-02-25,2025,baseline,port561,Khor Fakkan,4
2025-02-26,2025,baseline,port561,Khor Fakkan,0
2025-02-27,2025,baseline,port561,Khor Fakkan,2
2025-02-28,2025,baseline,port561,Khor Fakkan,2
2025-03-01,2025,acute,port561,Khor Fakkan,0
2025-03-02,2025,acute,port561,Khor Fakkan,2
2025-03-03,2025,acute,port561,Khor Fakkan,0
2025-03-04,2025,acute,port561,Khor Fakkan,2
2025-03-05,2025,acute,port561,Khor Fakkan,1
2025-03-06,2025,acute,port561,Khor Fakkan,1
2025-03-07,2025,acute,port561,Khor Fakkan,0
2025-03-08,2025,acute,port561,Khor Fakkan,0
2025-03-09,2025,acute,port561,Khor Fakkan,1
2025-03-10,2025,acute,port561,Khor Fakkan,3
2025-03-11,2025,acute,port561,Khor Fakkan,5
2025-03-12,2025,acute,port561,Khor Fakkan,0
2025-03-13,2025,acute,port561,Khor Fakkan,0
2025-03-14,2025,acute,port561,Khor Fakkan,2
2025-03-15,2025,acute,port561,Khor Fakkan,2
2025-03-16,2025,acute,port561,Khor Fakkan,0
2025-03-17,2025,acute,port561,Khor Fakkan,1
2025-03-18,2025,acute,port561,Khor Fakkan,1
2025-03-19,2025,acute,port561,Khor Fakkan,1
2025-03-20,2025,acute,port561,Khor Fakkan,2
2025-03-21,2025,acute,port561,Khor Fakkan,2
2025-03-22,2025,acute,port561,Khor Fakkan,2
2025-03-23,2025,acute,port561,Khor Fakkan,0
2025-03-24,2025,acute,port561,Khor Fakkan,0
2025-03-25,2025,acute,port561,Khor Fakkan,1
2025-03-26,2025,acute,port561,Khor Fakkan,0
2025-03-27,2025,acute,port561,Khor Fakkan,1
2025-03-28,2025,acute,port561,Khor Fakkan,1
2026-01-01,2026,baseline,port561,Khor Fakkan,0
2026-01-02,2026,baseline,port561,Khor Fakkan,0
2026-01-03,2026,baseline,port561,Khor Fakkan,1
2026-01-04,2026,baseline,port561,Khor Fakkan,1
2026-01-05,2026,baseline,port561,Khor Fakkan,1
2026-01-06,2026,baseline,port561,Khor Fakkan,2
2026-01-07,2026,baseline,port561,Khor Fakkan,0
2026-01-08,2026,baseline,port561,Khor Fakkan,0
2026-01-09,2026,baseline,port561,Khor Fakkan,1
2026-01-10,2026,baseline,port561,Khor Fakkan,1
2026-01-11,2026,baseline,port561,Khor Fakkan,0
2026-01-12,2026,baseline,port561,Khor Fakkan,0
2026-01-13,2026,baseline,port561,Khor Fakkan,0
2026-01-14,2026,baseline,port561,Khor Fakkan,2
2026-01-15,2026,baseline,port561,Khor Fakkan,2
2026-01-16,2026,baseline,port561,Khor Fakkan,0
2026-01-17,2026,baseline,port561,Khor Fakkan,1
2026-01-18,2026,baseline,port561,Khor Fakkan,0
2026-01-19,2026,baseline,port561,Khor Fakkan,2
2026-01-20,2026,baseline,port561,Khor Fakkan,0
2026-01-21,2026,baseline,port561,Khor Fakkan,0
2026-01-22,2026,baseline,port561,Khor Fakkan,1
2026-01-23,2026,baseline,port561,Khor Fakkan,2
2026-01-24,2026,baseline,port561,Khor Fakkan,2
2026-01-25,2026,baseline,port561,Khor Fakkan,1
2026-01-26,2026,baseline,port561,Khor Fakkan,0
2026-01-27,2026,baseline,port561,Khor Fakkan,2
2026-01-28,2026,baseline,port561,Khor Fakkan,1
2026-01-29,2026,baseline,port561,Khor Fakkan,1
2026-01-30,2026,baseline,port561,Khor Fakkan,2
2026-01-31,2026,baseline,port561,Khor Fakkan,0
2026-02-01,2026,baseline,port561,Khor Fakkan,0
2026-02-02,2026,baseline,port561,Khor Fakkan,4
2026-02-03,2026,baseline,port561,Khor Fakkan,1
2026-02-04,2026,baseline,port561,Khor Fakkan,1
2026-02-05,2026,baseline,port561,Khor Fakkan,0
2026-02-06,2026,baseline,port561,Khor Fakkan,0
2026-02-07,2026,baseline,port561,Khor Fakkan,0
2026-02-08,2026,baseline,port561,Khor Fakkan,1
2026-02-09,2026,baseline,port561,Khor Fakkan,0
2026-02-10,2026,baseline,port561,Khor Fakkan,0
2026-02-11,2026,baseline,port561,Khor Fakkan,1
2026-02-12,2026,baseline,port561,Khor Fakkan,0
2026-02-13,2026,baseline,port561,Khor Fakkan,0
2026-02-14,2026,baseline,port561,Khor Fakkan,0
2026-02-15,2026,baseline,port561,Khor Fakkan,0
2026-02-16,2026,baseline,port561,Khor Fakkan,0
2026-02-17,2026,baseline,port561,Khor Fakkan,2
2026-02-18,2026,baseline,port561,Khor Fakkan,0
2026-02-19,2026,baseline,port561,Khor Fakkan,3
2026-02-20,2026,baseline,port561,Khor Fakkan,1
2026-02-21,2026,baseline,port561,Khor Fakkan,1
2026-02-22,2026,baseline,port561,Khor Fakkan,1
2026-02-23,2026,baseline,port561,Khor Fakkan,2
2026-02-24,2026,baseline,port561,Khor Fakkan,1
2026-02-25,2026,baseline,port561,Khor Fakkan,0
2026-02-26,2026,baseline,port561,Khor Fakkan,1
2026-02-27,2026,baseline,port561,Khor Fakkan,3
2026-02-28,2026,baseline,port561,Khor Fakkan,0
2026-03-01,2026,acute,port561,Khor Fakkan,2
2026-03-02,2026,acute,port561,Khor Fakkan,2
2026-03-03,2026,acute,port561,Khor Fakkan,0
2026-03-04,2026,acute,port561,Khor Fakkan,0
2026-03-05,2026,acute,port561,Khor Fakkan,0
2026-03-06,2026,acute,port561,Khor Fakkan,0
2026-03-07,2026,acute,port561,Khor Fakkan,0
2026-03-08,2026,acute,port561,Khor Fakkan,0
2026-03-09,2026,acute,port561,Khor Fakkan,0
2026-03-10,2026,acute,port561,Khor Fakkan,0
2026-03-11,2026,acute,port561,Khor Fakkan,0
2026-03-12,2026,acute,port561,Khor Fakkan,2
2026-03-13,2026,acute,port561,Khor Fakkan,0
2026-03-14,2026,acute,port561,Khor Fakkan,2
2026-03-15,2026,acute,port561,Khor Fakkan,0
2026-03-16,2026,acute,port561,Khor Fakkan,1
2026-03-17,2026,acute,port561,Khor Fakkan,0
2026-03-18,2026,acute,port561,Khor Fakkan,0
2026-03-19,2026,acute,port561,Khor Fakkan,0
2026-03-20,2026,acute,port561,Khor Fakkan,0
2026-03-21,2026,acute,port561,Khor Fakkan,0
2026-03-22,2026,acute,port561,Khor Fakkan,0
2026-03-23,2026,acute,port561,Khor Fakkan,0
2026-03-24,2026,acute,port561,Khor Fakkan,0
2026-03-25,2026,acute,port561,Khor Fakkan,0
2026-03-26,2026,acute,port561,Khor Fakkan,1
2026-03-27,2026,acute,port561,Khor Fakkan,0
2026-03-28,2026,acute,port561,Khor Fakkan,1
