date_utc,year,analysis_stage,fixed_window,orbit_direction,relative_orbit_number,incidence_angle_deg,scene_group_id,sentinel_1_product_id,vessel_like_density_per_100_km2,matched_reference_years
2022-01-03,2022,baseline,baseline,DESCENDING,93,44.004273981873361,sg_fe5212bc6cf0bae7afc413fb,S1A_IW_GRDH_1SDV_20220103T020720_20220103T020745_041290_04E86D_1155,16.805661786466441,3
2022-01-08,2022,baseline,baseline,DESCENDING,166,31.053150658425899,sg_5575381cd5bcfb7a94f4be6a,S1A_IW_GRDH_1SDV_20220108T021542_20220108T021606_041363_04EAF0_C255,14.936395847681954,3
2022-01-12,2022,baseline,baseline,ASCENDING,57,34.31485448067442,sg_2ac9f2386053cafabc243f4a,S1A_IW_GRDH_1SDV_20220112T141651_20220112T141716_041429_04ED1A_14E5,5.3286244688796041,3
2022-01-15,2022,baseline,baseline,DESCENDING,93,44.004586654437823,sg_43302b6e8561120a1da13430,S1A_IW_GRDH_1SDV_20220115T020719_20220115T020744_041465_04EE35_630D,11.477037317586838,3
2022-01-20,2022,baseline,baseline,DESCENDING,166,31.058023115655061,sg_e7d78384a1147666f092b368,S1A_IW_GRDH_1SDV_20220120T021542_20220120T021605_041538_04F0A4_96B8,12.445850180174425,3
2022-01-24,2022,baseline,baseline,ASCENDING,57,34.310872311668881,sg_324cca53cc7c5cb541917cb7,S1A_IW_GRDH_1SDV_20220124T141651_20220124T141716_041604_04F2E4_7E48,4.9187302789657883,3
2022-01-27,2022,baseline,baseline,DESCENDING,93,44.00860078679942,sg_8bd2b4751400b4b2f1324027,S1A_IW_GRDH_1SDV_20220127T020719_20220127T020744_041640_04F41C_0554,12.706719887328285,3
2022-02-01,2022,baseline,baseline,DESCENDING,166,31.05406270129939,sg_738c5f74cb7934fe8f6503a8,S1A_IW_GRDH_1SDV_20220201T021541_20220201T021605_041713_04F69F_1BB2,13.689526516612863,3
2022-02-05,2022,baseline,baseline,ASCENDING,57,34.310647893207957,sg_44373388f1e8174cf44d220b,S1A_IW_GRDH_1SDV_20220205T141650_20220205T141715_041779_04F8E2_6F3A,8.1978837982763135,3
2022-02-08,2022,baseline,baseline,DESCENDING,93,44.010086186141287,sg_5ff6c6f5a289c63fa8449485,S1A_IW_GRDH_1SDV_20220208T020718_20220208T020743_041815_04FA2E_E19A,13.936402457069732,3
2022-02-13,2022,baseline,baseline,DESCENDING,166,31.056301257371999,sg_65a977d0eadab6f9598de446,S1A_IW_GRDH_1SDV_20220213T021541_20220213T021605_041888_04FCB7_D6B6,9.5449348558196085,3
2022-02-17,2022,baseline,baseline,ASCENDING,57,34.310985777733762,sg_3ce0442dbba3218c8b9a90dc,S1A_IW_GRDH_1SDV_20220217T141650_20220217T141715_041954_04FEFA_F651,5.7385186587934189,3
2022-02-20,2022,baseline,baseline,DESCENDING,93,44.001550133424573,sg_62a7141e3c5a1ddb900f45cf,S1A_IW_GRDH_1SDV_20220220T020718_20220220T020743_041990_050045_CF48,14.346296646983546,3
2022-02-25,2022,baseline,baseline,DESCENDING,166,31.056563194982441,sg_a5d09bdc7313bb737cc4298b,S1A_IW_GRDH_1SDV_20220225T021541_20220225T021604_042063_0502C4_A6F5,12.03511264865439,3
2022-03-01,2022,acute,early,ASCENDING,57,34.310353565354511,sg_bd8f7fbcef17194527ddd974,S1A_IW_GRDH_1SDV_20220301T141650_20220301T141715_042129_0504FA_06C1,12.296825697414469,3
2022-03-04,2022,acute,early,DESCENDING,93,44.008214138176783,sg_edf4c36ef7d75b0147773d70,S1A_IW_GRDH_1SDV_20220304T020718_20220304T020743_042165_050638_9BF4,12.706719887328285,3
2022-03-09,2022,acute,early,DESCENDING,166,31.059753826464142,sg_8c4c555553db13f6f694644c,S1A_IW_GRDH_1SDV_20220309T021541_20220309T021604_042238_0508BE_CE53,13.693429021355524,3
2022-03-16,2022,acute,F1,DESCENDING,93,44.010699000698054,sg_cfa925f29cbb1e4a9ec5aece,S1A_IW_GRDH_1SDV_20220316T020718_20220316T020743_042340_050C30_21BF,12.296825697414469,3
2022-03-21,2022,acute,F1,DESCENDING,166,31.054269918754599,sg_436303899745ad72fa80186a,S1A_IW_GRDH_1SDV_20220321T021541_20220321T021605_042413_050EA7_F47D,11.210627342554005,3
2022-03-25,2022,acute,F1,ASCENDING,57,34.317924490840163,sg_32c4de5f6b75d87058ad7912,S1A_IW_GRDH_1SDV_20220325T141650_20220325T141715_042479_0510DD_8580,11.886931507500655,3
2023-01-03,2023,baseline,baseline,DESCENDING,166,31.054036093596686,sg_142976fe558a5231132f10f7,S1A_IW_GRDH_1SDV_20230103T021549_20230103T021612_046613_059628_EC51,14.937715948542888,3
2023-01-07,2023,baseline,baseline,ASCENDING,57,34.310728061671227,sg_ff9c6535ceba123efe72e4d8,S1A_IW_GRDH_1SDV_20230107T141657_20230107T141722_046679_059851_695B,14.756190836897364,3
2023-01-10,2023,baseline,baseline,DESCENDING,93,44.010306112267187,sg_2c9f571ef944224da84e95a9,S1A_IW_GRDH_1SDV_20230110T020725_20230110T020750_046715_059991_1A07,20.904603685604599,3
2023-01-15,2023,baseline,baseline,DESCENDING,166,31.065353702712965,sg_e58052c381b45bfb114c38f8,S1A_IW_GRDH_1SDV_20230115T021548_20230115T021611_046788_059C07_C3BB,15.756298165552254,3
2023-01-19,2023,baseline,baseline,ASCENDING,57,34.295394617888434,sg_23106c101dfa8cff1fbdae11,S1A_IW_GRDH_1SDV_20230119T141656_20230119T141721_046854_059E3A_2BC8,11.886931507500655,3
2023-01-22,2023,baseline,baseline,DESCENDING,93,44.00433338188126,sg_4c4b60bc4511c4bb6949fafd,S1A_IW_GRDH_1SDV_20230122T020725_20230122T020750_046890_059F79_91AF,13.116614077242101,3
2023-01-27,2023,baseline,baseline,DESCENDING,166,31.052018885707987,sg_0c96dde590d81e35c1aa7c2f,S1A_IW_GRDH_1SDV_20230127T021548_20230127T021611_046963_05A1F2_8FDE,13.27837744866766,3
2023-01-31,2023,baseline,baseline,ASCENDING,57,34.314003704163191,sg_30c2d59a8b2e69a0c11bc455,S1A_IW_GRDH_1SDV_20230131T141656_20230131T141721_047029_05A420_251B,18.03534435620789,3
2023-02-03,2023,baseline,baseline,DESCENDING,93,44.005563246403902,sg_62957c95bd1f73b5fb4976eb,S1A_IW_GRDH_1SDV_20230203T020724_20230203T020749_047065_05A54E_2AAD,14.756190836897364,3
2023-02-08,2023,baseline,baseline,DESCENDING,166,31.063694651880521,sg_ef840b5f42f3c3997fd0dec2,S1A_IW_GRDH_1SDV_20230208T021547_20230208T021610_047138_05A7CC_59AF,13.692383590881537,3
2023-02-12,2023,baseline,baseline,ASCENDING,57,34.314832995863647,sg_d9bd155270f1ccc949871635,S1A_IW_GRDH_1SDV_20230212T141656_20230212T141721_047204_05A9F7_7208,21.314497875518416,3
2023-02-15,2023,baseline,baseline,DESCENDING,93,44.017828969342226,sg_bbcf6da5451262873ca887a0,S1A_IW_GRDH_1SDV_20230215T020724_20230215T020749_047240_05AB29_43BD,17.625450166294073,3
2023-02-20,2023,baseline,baseline,DESCENDING,166,31.057397931583015,sg_bf6eff0e55f2ad36fbb29d14,S1A_IW_GRDH_1SDV_20230220T021547_20230220T021610_047313_05ADB5_C1CE,12.44785903048605,3
2023-03-04,2023,acute,early,DESCENDING,166,31.047560570968955,sg_416df5922a29d1fb5757bf17,S1A_IW_GRDH_1SDV_20230304T021547_20230304T021610_047488_05B3A0_8076,13.703914876264031,3
2023-03-08,2023,acute,early,ASCENDING,57,34.307012139703289,sg_1ba8b3ad1520635b031f9f87,S1A_IW_GRDH_1SDV_20230308T141655_20230308T141720_047554_05B5D6_6169,17.215555976380259,3
2023-03-11,2023,acute,early,DESCENDING,93,44.009577122055511,sg_9a936d2a6f59da38e84dc729,S1A_IW_GRDH_1SDV_20230311T020724_20230311T020749_047590_05B710_20C6,21.314497875518416,3
2023-03-16,2023,acute,F1,DESCENDING,166,31.075278223376174,sg_623dc1a4c4ddbec4ccfc67cb,S1A_IW_GRDH_1SDV_20230316T021546_20230316T021610_047663_05B98D_8052,12.437914078889541,3
2023-03-20,2023,acute,F1,ASCENDING,57,34.31088456688164,sg_f450f303121b2b6a9b9ec7e9,S1A_IW_GRDH_1SDV_20230320T141656_20230320T141721_047729_05BBC2_B587,18.03534435620789,3
2023-03-23,2023,acute,F1,DESCENDING,93,44.013091326787681,sg_cd0df32161e7cbb3f263880f,S1A_IW_GRDH_1SDV_20230323T020724_20230323T020749_047765_05BCFA_8624,15.985873406638811,3
2024-01-05,2024,baseline,baseline,DESCENDING,93,43.748223170722589,sg_adab954461bf97fa9d1fe4f1,S1A_IW_GRDH_1SDV_20240105T020739_20240105T020804_051965_06476F_BB31,16.805661786466441,3
2024-01-10,2024,baseline,baseline,DESCENDING,166,31.055982277305404,sg_722b6ce392d1e21535382178,S1A_IW_GRDH_1SDV_20240110T021553_20240110T021616_052038_0649F3_3D5A,19.507829903344927,3
2024-01-14,2024,baseline,baseline,ASCENDING,57,34.314524969072181,sg_e1fa7eb0ca9b3f6d9510b3f4,S1A_IW_GRDH_1SDV_20240114T141702_20240114T141727_052104_064C2B_8967,17.625450166294073,3
2024-01-17,2024,baseline,baseline,DESCENDING,93,43.753277078383007,sg_f90786cc4fd696397be98597,S1A_IW_GRDH_1SDV_20240117T020738_20240117T020803_052140_064D62_792D,16.395767596552627,3
2024-01-22,2024,baseline,baseline,DESCENDING,166,31.054932663591146,sg_13d1cbaeb4cb35969639bd31,S1A_IW_GRDH_1SDV_20240122T021553_20240122T021616_052213_064FD9_D033,18.674872543994887,3
2024-01-26,2024,baseline,baseline,ASCENDING,57,34.31417271971123,sg_de125492025fecc11f6c2913,S1A_IW_GRDH_1SDV_20240126T141701_20240126T141726_052279_065207_3A76,16.805661786466441,3
2024-01-29,2024,baseline,baseline,DESCENDING,93,43.740576326204099,sg_200778bb51ab25792a334c27,S1A_IW_GRDH_1SDV_20240129T020738_20240129T020803_052315_065347_9E55,15.575979216724994,3
2024-02-03,2024,baseline,baseline,DESCENDING,166,31.062340446795481,sg_7915f6c04b7bc379dd864b33,S1A_IW_GRDH_1SDV_20240203T021552_20240203T021615_052388_0655C4_A79F,20.747723041134851,3
2024-02-07,2024,baseline,baseline,ASCENDING,57,34.306616599652159,sg_76f2126f72eebb6c3414643c,S1A_IW_GRDH_1SDV_20240207T141701_20240207T141726_052454_0657F8_6E90,22.134286255346048,3
2024-02-10,2024,baseline,baseline,DESCENDING,93,43.745302332298742,sg_cd015a6d2581bbfaa1751807,S1A_IW_GRDH_1SDV_20240210T020737_20240210T020802_052490_06592E_3057,18.855132736035522,3
2024-02-15,2024,baseline,baseline,DESCENDING,166,31.058242019949915,sg_49b53245d8a8d03754b7bb9d,S1A_IW_GRDH_1SDV_20240215T021552_20240215T021615_052563_065BA9_01B7,16.187966363896354,3
2024-02-19,2024,baseline,baseline,ASCENDING,57,34.314274870362837,sg_58821a0234c85c367ab530c6,S1A_IW_GRDH_1SDV_20240219T141701_20240219T141726_052629_065DE3_7F39,18.03534435620789,3
2024-02-22,2024,baseline,baseline,DESCENDING,93,43.74344639357129,sg_14b743fd25b072641a8e229b,S1A_IW_GRDH_1SDV_20240222T020737_20240222T020802_052665_065F21_77D1,17.625450166294073,3
2024-03-02,2024,acute,early,ASCENDING,57,34.322242388480817,sg_2f8cd1dfbf13c61afa4026ea,S1A_IW_GRDH_1SDV_20240302T141701_20240302T141726_052804_0663D8_25CB,22.134286255346048,3
2024-03-05,2024,acute,early,DESCENDING,93,43.744996028187209,sg_4468f40f7392851032d1ee6e,S1A_IW_GRDH_1SDV_20240305T020738_20240305T020803_052840_066515_31DB,20.904603685604599,3
2024-03-10,2024,acute,early,DESCENDING,166,31.054990359319415,sg_803b8232269afd0ebe455d22,S1A_IW_GRDH_1SDV_20240310T021552_20240310T021615_052913_066792_D2F7,20.759619384834348,3
2024-03-17,2024,acute,F1,DESCENDING,93,43.749320182762865,sg_d61d208ebd9dd00aad1c2e3f,S1A_IW_GRDH_1SDV_20240317T020738_20240317T020803_053015_066B31_C3B0,22.544180445259862,3
2024-03-22,2024,acute,F1,DESCENDING,166,31.058364719619046,sg_4cedc089305442014ac5d047,S1A_IW_GRDH_1SDV_20240322T021552_20240322T021616_053088_066E13_DC61,14.950669021673901,3
2024-03-26,2024,acute,F1,ASCENDING,57,34.302546534073365,sg_fdfa08d2b1da9fe2a30359fb,S1A_IW_GRDH_1SDV_20240326T141701_20240326T141726_053154_06708B_2CAB,17.215555976380259,3
2025-01-04,2025,baseline,baseline,DESCENDING,166,31.058206759758715,sg_cea7cff3ceebffc923b0a644,S1A_IW_GRDH_1SDV_20250104T021547_20250104T021611_057288_070C5C_2B74,20.328129193973083,3
2025-01-08,2025,baseline,baseline,ASCENDING,57,34.30651444697034,sg_1116ea5a48318fec9c91b878,S1A_IW_GRDH_1SDV_20250108T141656_20250108T141721_057354_070EF9_747A,18.445238546121708,3
2025-01-11,2025,baseline,baseline,DESCENDING,93,43.743502010247255,sg_a3cb3bd6edddac4b646a80de,S1A_IW_GRDH_1SDV_20250111T020733_20250111T020758_057390_07105F_79C6,21.72439206543223,3
2025-01-16,2025,baseline,baseline,DESCENDING,166,31.050468391694118,sg_2fc3ee2befb5c30fa7873dfb,S1A_IW_GRDH_1SDV_20250116T021546_20250116T021610_057463_071344_F951,20.754311293084911,3
2025-01-20,2025,baseline,baseline,ASCENDING,57,34.3104166626538,sg_86be5cf19b82555416c797a5,S1A_IW_GRDH_1SDV_20250120T141655_20250120T141720_057529_0715E8_27AA,18.03534435620789,3
2025-01-23,2025,baseline,baseline,DESCENDING,93,43.747218369328365,sg_3b1d25749d253c1a30369468,S1A_IW_GRDH_1SDV_20250123T020732_20250123T020757_057565_071752_13CF,18.445238546121708,3
2025-01-28,2025,baseline,baseline,DESCENDING,166,31.047203541549074,sg_c7fea259b32afe13161ba363,S1A_IW_GRDH_1SDV_20250128T021546_20250128T021609_057638_071A41_EE68,19.931088262332981,3
2025-02-01,2025,baseline,baseline,ASCENDING,57,34.306496748229087,sg_344080d65e40728dbc9a1d15,S1A_IW_GRDH_1SDV_20250201T141654_20250201T141719_057704_071CD3_8E9C,19.674921115863153,3
2025-02-04,2025,baseline,baseline,DESCENDING,93,43.745403127335813,sg_03d8483070fcbc9106c77c6e,S1A_IW_GRDH_1SDV_20250204T020731_20250204T020756_057740_071E3C_28EA,25.41343977465657,3
2025-02-09,2025,baseline,baseline,DESCENDING,166,31.046231075995482,sg_1bb5219a9c0d3150fb9c969a,S1A_IW_GRDH_1SDV_20250209T021546_20250209T021609_057813_072126_1279,19.51580053190937,3
2025-02-13,2025,baseline,baseline,ASCENDING,57,34.310661696056819,sg_e02bedcf3660f7e90d59b960,S1A_IW_GRDH_1SDV_20250213T141654_20250213T141719_057879_0723D8_60F5,21.314497875518416,3
2025-02-16,2025,baseline,baseline,DESCENDING,93,43.745063582996679,sg_557cb1bd6887f88bd847f79c,S1A_IW_GRDH_1SDV_20250216T020731_20250216T020756_057915_072546_6998,23.363968825087493,3
2025-02-21,2025,baseline,baseline,DESCENDING,166,31.064116498403781,sg_ac2243577eadb8a004610c13,S1A_IW_GRDH_1SDV_20250221T021545_20250221T021608_057988_072841_F564,21.161342790932157,3
2025-03-05,2025,acute,early,DESCENDING,166,31.062991906820962,sg_ff75fe56cee8dba0e352fb69,S1A_IW_GRDH_1SDV_20250305T021545_20250305T021608_058163_072F6E_D614,15.350391352004387,3
2025-03-09,2025,acute,early,ASCENDING,57,34.318695212007135,sg_df85e20f96a2482b1eca11dd,S1A_IW_GRDH_1SDV_20250309T141654_20250309T141719_058229_07321D_19D7,19.265026925949336,3
2025-03-12,2025,acute,early,DESCENDING,93,43.745183862377104,sg_1d0edab77500d18b4fa7e63e,S1A_IW_GRDH_1SDV_20250312T020730_20250312T020755_058265_07337F_A31A,20.084815305776967,3
2025-03-17,2025,acute,F1,DESCENDING,166,31.047476859282686,sg_ca734710217aa8c1875e2253,S1A_IW_GRDH_1SDV_20250317T021545_20250317T021609_058338_073664_181C,19.099682488539152,3
2025-03-21,2025,acute,F1,ASCENDING,57,34.322814559874075,sg_a0c00e516c8f20816a39d780,S1A_IW_GRDH_1SDV_20250321T141654_20250321T141719_058404_07390A_3A64,20.084815305776967,3
2025-03-24,2025,acute,F1,DESCENDING,93,43.749373895737925,sg_5ffbb0b0d1386fce1aef0836,S1A_IW_GRDH_1SDV_20250324T020731_20250324T020756_058440_073A69_7DD8,20.904603685604599,3
2026-01-03,2026,baseline,baseline,ASCENDING,57,34.306834234910852,sg_0d02c1d3415db0711e24e7a0,S1A_IW_GRDH_1SDV_20260103T141646_20260103T141711_062604_07D8E7_4F68,20.494709495690781,3
2026-01-06,2026,baseline,baseline,DESCENDING,93,43.735647487473166,sg_f2e20de6a9c0106cf51b6c98,S1A_IW_GRDH_1SDV_20260106T020722_20260106T020747_062640_07DA47_925B,22.544180445259862,4
2026-01-11,2026,baseline,baseline,DESCENDING,166,31.050301660820367,sg_25f761b5eae1b61601e4bb3a,S1A_IW_GRDH_1SDV_20260111T021536_20260111T021600_062713_07DD10_EDA7,18.260883278924201,4
2026-01-15,2026,baseline,baseline,ASCENDING,57,34.306180864062654,sg_1b43702822899a4f002f9631,S1A_IW_GRDH_1SDV_20260115T141645_20260115T141710_062779_07DFA8_808A,17.625450166294073,4
2026-01-18,2026,baseline,baseline,DESCENDING,93,43.736571565251218,sg_e5b459b7b5feedf06df18af5,S1A_IW_GRDH_1SDV_20260118T020721_20260118T020746_062815_07E100_9A1A,19.674921115863153,4
2026-01-23,2026,baseline,baseline,DESCENDING,166,31.064361320741273,sg_acea360fe189e5fa841d0ded,S1A_IW_GRDH_1SDV_20260123T021535_20260123T021558_062888_07E370_0D6F,24.892609135421601,4
2026-01-27,2026,baseline,baseline,ASCENDING,57,34.314691417302612,sg_811ba0569bc4e6b11181ae02,S1A_IW_GRDH_1SDV_20260127T141644_20260127T141709_062954_07E5F2_47ED,18.03534435620789,4
2026-01-30,2026,baseline,baseline,DESCENDING,93,43.732711326170019,sg_3e7d4dad4faebbda8462615e,S1A_IW_GRDH_1SDV_20260130T020721_20260130T020746_062990_07E749_E93E,19.674921115863153,4
2026-02-04,2026,baseline,baseline,DESCENDING,166,31.045778416420802,sg_55aa04ab8c01e304c093f334,S1A_IW_GRDH_1SDV_20260204T021535_20260204T021558_063063_07EA07_74A8,19.513993609374687,4
2026-02-08,2026,baseline,baseline,ASCENDING,57,34.314646005646111,sg_e68d426bf22b971b9fd6c203,S1A_IW_GRDH_1SDV_20260208T141644_20260208T141709_063129_07EC8B_C07F,18.445238546121708,4
2026-02-11,2026,baseline,baseline,DESCENDING,93,43.741455196419132,sg_5956971c6871eb778a3d7a9f,S1A_IW_GRDH_1SDV_20260211T020720_20260211T020745_063165_07EDD3_C37F,20.494709495690781,4
2026-02-16,2026,baseline,baseline,DESCENDING,166,31.051433128834631,sg_cf5fe404be9b7b0340149c9d,S1A_IW_GRDH_1SDV_20260216T021534_20260216T021558_063238_07F08F_FCB6,19.094489496370386,4
2026-02-20,2026,baseline,baseline,ASCENDING,57,34.31041754078985,sg_c963fc18d54b1ed9d10138f0,S1A_IW_GRDH_1SDV_20260220T141643_20260220T141708_063304_07F315_F152,20.494709495690781,4
2026-02-23,2026,baseline,baseline,DESCENDING,93,43.74495754861745,sg_40fe6c28619cc3a7cb1416fa,S1A_IW_GRDH_1SDV_20260223T020720_20260223T020745_063340_07F472_4DF3,20.084815305776967,4
2026-03-04,2026,acute,early,ASCENDING,57,34.310502933786324,sg_90d2bed18f3d97c9bc6f7299,S1A_IW_GRDH_1SDV_20260304T141643_20260304T141708_063479_07F9C5_7F0F,27.462910724225647,4
2026-03-07,2026,acute,early,DESCENDING,93,43.744650038242916,sg_637733aeef55e4ad7d7726d9,S1A_IW_GRDH_1SDV_20260307T020719_20260307T020744_063515_07FB17_FAF1,34.841006142674331,4
2026-03-12,2026,acute,early,DESCENDING,166,31.052621831142975,sg_f02c6a1e7853f63774e2511e,S1A_IW_GRDH_1SDV_20260312T021534_20260312T021557_063588_07FDE5_09C9,27.811100364865034,4
2026-03-19,2026,acute,F1,DESCENDING,93,43.741408582693467,sg_7fb2d3b572b200341154a78b,S1A_IW_GRDH_1SDV_20260319T020719_20260319T020744_063690_0801A3_0255,32.791535193105254,4
2026-03-24,2026,acute,F1,DESCENDING,166,31.053930139332586,sg_2eaf17b345e198690be22717,S1A_IW_GRDH_1SDV_20260324T021534_20260324T021557_063763_08046C_825F,27.811331249558961,4
